Index,0 [0x0][0x0],1 [0x19][0x4]
2000000,"",true
2000021,"도토리 놀이터에 있는 소녀 오닐리가 애용하는 머리장식.",true
2000024,"신출내기 목수가 빠뜨리고 간 공구함.",true
2000028,"원예가가 맡긴 아제마 장미꽃.",true
2000029,"타타소사가 맡긴 작은 쇳조각.",true
2000038,"불 크리스탈 색으로 빛나는 먹음직스러운 사탕.",true
2000039,"바람 크리스탈 색으로 빛나는 먹음직스러운 사탕.",true
2000040,"땅 크리스탈 색으로 빛나는 먹음직스러운 사탕.",true
2000041,"가스로 이루어진 생물인 봄의 엄지손가락.",true
2000042,"전설의 호박 괴물을 본따서 만든 호박 초롱.",true
2000043,"가스로 이루어진 생물인 봄의 엄지손가락.",true
2000044,"불꽃이 사방으로 튀는 휴대용 폭죽.",true
2000045,"불 크리스탈 색으로 빛나는 먹음직스러운 사탕.",true
2000046,"바람 크리스탈 색으로 빛나는 먹음직스러운 사탕.",true
2000047,"땅 크리스탈 색으로 빛나는 먹음직스러운 사탕.",true
2000048,"가스로 이루어진 생물인 봄의 엄지손가락.",true
2000049,"전설의 호박 괴물을 본따서 만든 호박 초롱.",true
2000050,"가스로 이루어진 생물인 봄의 엄지손가락.",true
2000051,"불꽃이 사방으로 튀는 휴대용 폭죽.",true
2000052,"불 크리스탈 색으로 빛나는 먹음직스러운 사탕.",true
2000053,"바람 크리스탈 색으로 빛나는 먹음직스러운 사탕.",true
2000054,"땅 크리스탈 색으로 빛나는 먹음직스러운 사탕.",true
2000055,"가스로 이루어진 생물인 봄의 엄지손가락.",true
2000056,"전설의 호박 괴물을 본따서 만든 호박 초롱.",true
2000057,"가스로 이루어진 생물인 봄의 엄지손가락.",true
2000058,"불꽃이 사방으로 튀는 휴대용 폭죽.",true
2000061,"가비노가 맡긴 물약.",true
2000062,"벼룩모기의 알주머니.",true
2000071,"아놀도마뱀의 알.",true
2000074,"칼라인 카페 주인 뮨이 직접 만든 장어파이.",true
2000075,"문투이 콩이 들어있는 주머니.",true
2000076,"에일버트가 떨어뜨린 편지.",true
2000077,"코츄의 어린잎.",true
2000079,"궁술사 길드에 있는 모험가 프미바스가 맡긴 편지.",true
2000080,"칼라인 카페에 있는 모험가 셀레스틴이 맡긴 식량 주머니.",true
2000081,"뼈로 만들어진 창촉.",true
2000082,"밀랍으로 만든 가죽 손질용 기름.",true
2000083,"튼튼한 밧줄.",true
2000084,"아제마 장미의 열매.",true
2000085,"근동 지방에서 나는 둥근 잎채소. 초코보 사료로 유명하다.",true
2000092,"넝쿨장미를 처치하고 얻은 씨앗.",true
2000093,"거미전갈을 처치하고 얻은 신선한 점액.",true
2000094,"독한 말벌주.",true
2000095,"작은 불씨.",true
2000096,"초코보 '레이아'의 알.",true
2000097,"굽은가지 목장에 있는 키사가 맡긴 편지.",true
2000098,"무당벌레를 처치하고 얻은 붉은 액체.",true
2000099,"말벌 떼의 시체.",true
2000100,"김 빠진 맥주.",true
2000101,"아제마 장미에서 추출한 향유.",true
2000102,"창술사의 시련에 쓰이는 돌.",true
2000103,"에 스미 얀에게 받은 적갈색 향유.",true
2000104,"항해에 필요한 경도를 계측하는 도구. 오랫동안 사용된 듯하다.",true
2000105,"항해에 필요한 경도를 계측하는 도구. 오랫동안 사용된 듯하다.",true
2000119,"칼라인 카페 주인 뮨이 직접 만든 장어파이.",true
2000120,"칼라인 카페 주인 뮨이 직접 만든 장어파이.",true
2000121,"동부삼림에 있는 호수에서 뜬 맑은 물.",true
2000122,"창술사의 시련에 쓰이는 돌.",true
2000123,"녹색으로 빛나는 작은 발광체.",true
2000124,"산란기를 맞은 벼룩모기에서 채취한 알주머니.",true
2000125,"의뢰 목표물.",true
2000126,"당조림에 쓰기 좋은 큼지막한 꿀벌.",true
2000127,"감촉이 미끌미끌한 숲파리지옥 떡잎.",true
2000128,"밀렵단 '커얼발톱'으로부터 압수한 밀렵품.",true
2000136,"와이먼드가 쓴, 내용을 알 수 없는 편지.",true
2000137,"검투사 프란츠를 응원하기 위한 포스터.",true
2000138,"거친 깔짝뒤쥐 가죽.",true
2000140,"뜨뜻미지근한 무언가가 가득 찬 포대.",true
2000141,"측량 결과가 적힌 종이.",true
2000142,"늪지긴다리거미의 단단한 껍데기.",true
2000143,"평온의 정원 절벽에서 채취한 빛나는 버섯.",true
2000144,"검은장막 숲 수풀 속에 숨어있던 곤충.",true
2000146,"측량용 기구가 들어있는 나무상자.",true
2000147,"측량할 때 사용하는 튼튼한 밧줄.",true
2000148,"저녁별 만에서 동부 알데나드 상회까지 운송할 화물.",true
2000149,"선인장에서 나온 물. 보습 효과가 있다고 한다.",true
2000150,"파파포노의 짐.",true
2000151,"해독 훈련에서 사용할 독버섯 포자주머니.",true
2000152,"진지 구축 훈련에서 사용할 코츄 덩굴줄기.",true
2000153,"자력을 띤 천연의 돌.",true
2000154,"여기저기 흠집 난 황동 루어.",true
2000164,"코브란에서 짜낸 끈적끈적한 기름.",true
2000165,"키키푸가 모모디에게 쓴 편지.",true
2000168,"거대개미 일꾼의 단단하고 날카로운 집게턱.",true
2000169,"망치부리의 커다란 뼈.",true
2000170,"코브란이 좋아하는 반짝반짝 빛나는 은 광석.",true
2000177,"망치부리의 커다란 뼈.",true
2000185,"오랫동안 사용한 낡은 낚싯대.",true
2000186,"수상한 자에 대한 정보를 담은 연락문.",true
2000187,"수상한 자에 대한 정보를 담은 연락문.",true
2000188,"수상한 자에 대한 정보를 담은 연락문.",true
2000189,"차가운 물이 든 병.",true
2000191,"모닥불 흔적 옆에 떨어져 있던 주인 모를 가죽주머니.",true
2000192,"제단에 바칠 하얀 꽃.",true
2000193,"수령 천 년이 넘은 장로나무에 열린 열매.",true
2000196,"에일윈이 약초로 만든 해열제.",true
2000197,"금이 간 낡은 도자기.",true
2000198,"동전이 든 작은 주머니.",true
2000199,"왕립 나나모 농원에서 예약한 호박과 교환할 수 있는 전표.",true
2000200,"오래 보존하기 위해 소금에 절인 영양고기.",true
2000201,"신출내기 검투사 자자리쿠가 주문한 화려한 머리장식의 주문서.",true
2000203,"여우원숭이가 좋아하는 말린 문투이 콩이 든 상자.",true
2000204,"그루터기 위에서 발견된 작은 환술용 지팡이.",true
2000205,"그루터기 위에서 발견된 작은 환술용 지팡이.",true
2000206,"사냥용 덫을 설치하기 위한 도구가 든 상자.",true
2000209,"온기가 남아있는 영양의 내장. 숲의 수호신에게 바칠 공물.",true
2000210,"색깔이 화려한 오츄의 어린잎.",true
2000211,"어마어마하게 맛있는 뒤쥐 햄버그를 만드는 데 필요한 뒤쥐고기.",true
2000212,"코브란이 좋아하는 반짝반짝 빛나는 은 광석.",true
2000214,"부드럽고 두툼한 아귀 살코기.",true
2000215,"지식강에 속하는 생물의 것으로 보이는 혈액. 신기하게도 굳지 않는다.",true
2000216,"아마지나 광산회사에서 광석을 수송할 때 사용하는 상자.",true
2000217,"하난자가 수석 조선공 아트뷔름에게 보낸 서류.",true
2000218,"와푸푸가 찾고 있는 도시락.",true
2000219,"이음못을 박을 때 열을 내기 위한 재료.",true
2000220,"엄니 세공에 사용하는 재료.",true
2000221,"마물을 유인하기 위한 먹이.",true
2000222,"퓌어릴스뮈트가 찾던 선박 부품.",true
2000223,"퓌어릴스뮈트가 찾던 선박 부품.",true
2000224,"퓌어릴스뮈트가 찾던 선박 부품.",true
2000225,"김토타에게 선물할 꽃.",true
2000228,"땅속에 묻혀있던 겔모라 시대의 토기.",true
2000229,"불길한 마력이 느껴지는 굽은날 검.",true
2000230,"고약한 냄새를 풍기는 낚시용 미끼.",true
2000231,"밀렵꾼끼리 신호를 주고받는 데 쓰이는 뼈피리.",true
2000232,"주점 주인 버스카론에게 받은 술.",true
2000233,"열을 내뿜는 벌룬의 작은손가락.",true
2000234,"주점 '궤짝과 관짝'에서 사용하는 주문서.",true
2000235,"창술사 풀크에게 받은 독성이 강한 액체.",true
2000236,"야생 멧돼지를 처치하고 얻은 피 묻은 엄니.",true
2000237,"짐수레가 습격당하면서 땅에 흩어진 짐.",true
2000238,"왕립 나나모 농원에서 재배된 귀한 호박.",true
2000239,"와이스탠이 직접 만든 깜찍한 쿠키.",true
2000240,"굽은가지 목장에 있는 루클로가 맡긴 편지.",true
2000241,"아마지나 광산 철도사에서 작성한 시간표.",true
2000242,"굽은가지 목장에서 재배한 초코보용 먹이.",true
2000243,"지식강에 속하는 생물의 것으로 보이는 혈액. 신기하게도 굳지 않는다.",true
2000244,"사교도가 설치한 수상한 염주. 불길한 기운을 뿌리고 있다.",true
2000245,"디디라타가 소중히 여기던 아름다운 반지.",true
2000246,"거울못 나루에 배달된 특제 낚시용 떡밥.",true
2000247,"거울못 나루에 배달된 문투이 콩.",true
2000248,"거울못 나루에 배달된 새로 만든 판금 갑옷.",true
2000249,"칼라인 카페에 있는 뮨이 맡긴 편지.",true
2000250,"오동나무 상자. 무엇이 들어있는지는 모른다.",true
2000251,"밀렵꾼으로부터 손에 넣은 밀렵의 증거.",true
2000252,"행상인이 고블린족에게 빼앗긴 상품.",true
2000253,"돌 골렘의 몸을 구성하고 있던 바위 조각.",true
2000254,"땅 정령을 처치하고 얻은 핵. 지반을 안정화하는 데 사용된다.",true
2000255,"키브론 별장 자취의 도적들에게 빼앗긴 상인의 짐.",true
2000256,"식용 선인장. 맛은 별로지만 영양가는 그럭저럭 높다.",true
2000257,"골렘의 심장에 해당하는, 마법의 힘이 담긴 돌.",true
2000258,"해골 골짜기의 고블린족이 파는 불법 물품.",true
2000259,"피로 쓴 글씨가 적힌 쪽지. 봉인 결계를 해제할 중요한 열쇠이다.",true
2000260,"잠긴 문을 열기 위한 열쇠.",true
2000261,"백합 문을 열기 위한 열쇠.",true
2000262,"붉은장미 문을 열기 위한 열쇠.",true
2000263,"겨우살이 문을 열기 위한 열쇠.",true
2000264,"패랭이꽃 문을 열기 위한 열쇠.",true
2000265,"나무정령의 영향을 조사하는 데 필요한 단풍나무 원목.",true
2000266,"나무정령의 영향을 조사하는 데 필요한 단풍나무 가지.",true
2000267,"나무정령에서 떨어진 도토리. 가끔 폭발한다고 한다.",true
2000268,"수령 5년 이하의 어린 물푸레나무.",true
2000269,"수령 5년 이하의 어린 물푸레나무 가지.",true
2000270,"'서쪽 잎맥'의 동쪽 기슭에서 자라던 겨우살이의 나뭇가지.",true
2000271,"모닥불을 피우기 위해 패놓은 목재.",true
2000272,"모닥불에 불을 붙이기 좋은 나무껍질.",true
2000273,"특정 나무에서 분비되는 유액. 불순물이 없어서 맑다.",true
2000274,"특정 나무에서 분비되는 유액. 불순물이 섞여 탁하다.",true
2000275,"솎아벤 물푸레나무 원목.",true
2000276,"솎아벤 물푸레나무 가지.",true
2000277,"곧게 자라 목재로서 가치가 높은 물푸레나무 원목.",true
2000278,"하늘기둥나무에서 채집한 뿌리 조각.",true
2000279,"하늘기둥나무에서 채집한 껍질.",true
2000280,"하늘기둥나무에서 채집한 단단한 뿌리 조각.",true
2000281,"오츄의 씨앗. 싹이 트면 코츄가 된다.",true
2000282,"시들어 떨어진 코츄 이파리.",true
2000283,"하얀 버섯 포자가 들러붙은 나무껍질.",true
2000284,"벌레가 파먹어서 너덜너덜해진 나무껍질.",true
2000285,"알이 굵어 식용으로 적합한 밤.",true
2000286,"벌레 먹어서 식용으로 부적합한 없는 밤.",true
2000287,"알이 굵고 윤기 나는 최고급 밤.",true
2000288,"'서쪽 잎맥'의 서쪽 기슭에서 자라던 겨우살이의 나뭇가지.",true
2000289,"울타리를 만들기에 좋은 굵은 물푸레나무 원목.",true
2000290,"너무 홀쭉해서 울타리를 만들기에 나쁜 물푸레나무 원목.",true
2000291,"기름기가 풍부한 넝쿨장미 씨앗.",true
2000292,"시들어 떨어진 넝쿨장미 이파리.",true
2000293,"떡잎이 난 넝쿨장미 씨앗.",true
2000294,"제철이 되면 하얀 꽃을 피우는 잡초. 번식력이 왕성하다.",true
2000295,"제철이 되면 하얀 꽃을 피우는 약초. 약차의 재료가 된다.",true
2000296,"단풍나무에서 채취한 수액. 불순물이 없으며 유난히 진하다.",true
2000297,"단풍나무에서 채취한 수액. 불순물이 섞여 탁하다.",true
2000298,"야만신 라무의 표식이 새겨진 나무껍질.",true
2000299,"실프족이 잠자리에 까는 푹신한 감촉의 이끼.",true
2000300,"큰가시나무에서 채취한 꿀.",true
2000301,"큰가시나무에서 채취한 가시.",true
2000302,"옛날부터 검은장막 숲에서 식용으로 쓰이고 있는 콩.",true
2000303,"이크살족이 좋아한다는 소문이 있는 붓꽃.",true
2000304,"도로변의 절벽에 드러나있던 나무뿌리.",true
2000305,"도로변의 절벽에 드러나있던 말라 비틀어진 나무뿌리.",true
2000306,"도로변의 절벽에 드러나있던 튼튼한 나무뿌리.",true
2000307,"향료나 방향유를 만드는 데 쓰이는 허브. 매우 향기롭다.",true
2000308,"향료나 방향유를 만드는 데 사용되는 허브. 갉아 먹힌 흔적이 있다.",true
2000309,"지하 도시 '겔모라' 시대의 유물로 추정되는 동전.",true
2000310,"녹슨 쇠붙이 조각. 원래 무엇이었는지는 알 수 없다.",true
2000311,"너무 길게 자라난 나뭇가지.",true
2000312,"시들어 떨어진 나뭇잎.",true
2000313,"찧어 으깨면 새빨간 염료가 되는 붉은가시 열매.",true
2000314,"피부가 베일 정도로 딱딱한 붉은가시 잎.",true
2000315,"원예가 길드가 품종 개량한 사과 열매.",true
2000316,"나뭇잎이나 화초를 갉아먹는 작은 벌레.",true
2000317,"고블린족이 재배하던 의문의 버섯.",true
2000318,"고블린족이 버섯 재배에 사용하는 나무못.",true
2000319,"신병들이 잃어버린 연습용 장창.",true
2000320,"미지근하고 은은한 냄새가 풍기는 거름 포대.",true
2000321,"독거미전갈이 낳은 알.",true
2000322,"매우 부드럽고 하얀 버섯.",true
2000323,"밀렵꾼들이 설치한 사냥용 덫.",true
2000324,"폭주한 나무정령을 진정시킬 수 있는 정화수.",true
2000325,"난민들에게 대접하기 위한 영양의 다릿살.",true
2000326,"피로 쓰인 불길한 금서 '요마 전집'의 한 페이지.",true
2000327,"로사 호손이 직접 만든 벌꿀주.",true
2000328,"피로 쓰인 불길한 금서 '요마 전집'의 한 페이지.",true
2000329,"피로 쓰인 불길한 금서 '요마 전집'의 한 페이지.",true
2000330,"묵직한 금강거북의 알.",true
2000331,"밀렵단 '커얼발톱'이 밀렵한 짐승 가죽.",true
2000332,"소용돌이치는 물이 감도는 핵. 도깨비불로 변신한 임프의 정체를 밝힐 수 있다.",true
2000333,"무의식중에 재채기가 나게 만드는 꽃가루 덩어리. 도적으로 변신한 임프의 정체를 밝힐 수 있다.",true
2000335,"부침개로 만들면 아주 맛있는 대머리수리 가슴살.",true
2000336,"문투이 소스에 푹 담그면 맛있는 아귀회.",true
2000337,"침묵의 화단 땅속에 묻혀있던 일기장.",true
2000338,"기구에서 발견한, 징기투프에게 보내는 짐.",true
2000339,"기구에서 발견한, 제서민에게 보내는 짐.",true
2000340,"생선을 보관하는 데 쓰이는 냉수 덩어리.",true
2000341,"썩은 내가 진동하는 쥐고기.",true
2000342,"척박한 땅에서도 잘 자라는 풍년옥수수 모종.",true
2000343,"튼튼해 보이는 철제 화로.",true
2000344,"봄에서 뽑아낸 작은손가락. 신비한 불꽃이 깃들어있다.",true
2000345,"리울프의 아버지가 묻어둔 상자.",true
2000346,"야생 도도가 낳은 묵직한 알.",true
2000347,"살짝 눅눅하고 악취가 강한 검은 흙.",true
2000348,"개척자의 헛간에 보관하고 있던 소중한 농기구.",true
2000350,"바위를 제거하기 위한 농기구.",true
2000351,"정성껏 재배한 라노시아 오렌지의 달콤한 열매.",true
2000352,"파파포노의 짐.",true
2000353,"파파포노의 짐.",true
2000354,"오스웰이 키키푸에게 쓴 편지.",true
2000355,"망치부리의 꼬리에서 뽑은 알록달록한 깃털.",true
2000356,"신선한 라노시아 오렌지가 가득 든 자루.",true
2000357,"라노시아 오렌지를 납품하고 받은 돈.",true
2000367,"말벌 무리의 날카로운 독침.",true
2000368,"보석상 다다넨이 광부에게 보낸 독촉장.",true
2000369,"죽은 나나샤 왕비의 눈동자와 색이 비슷한 고가의 보석 원석.",true
2000370,"숙련된 광부가 애용하는 채굴용 곡괭이.",true
2000371,"숙련된 광부가 애용하는 낡은 장도리.",true
2000372,"숙련된 광부가 애용하는 무겁고 커다란 망치.",true
2000373,"푸푸루파가 준비한 도적 체포용 덫.",true
2000374,"독뿔도마뱀의 눈동자를 가공하여 만든 보석.",true
2000376,"들개 피로 만든 짐승 퇴치용 향.",true
2000377,"푸푸루파가 전 연대장 레오프릭에게 쓴 편지.",true
2000378,"죽은 나나샤 왕비의 눈동자와 색이 비슷한 고가의 보석 원석.",true
2000379,"약의 재료로 쓰이는 독두꺼비 독액.",true
2000380,"허문드가 베링게어에게 쓴 광부 지원서.",true
2000381,"구리칼날단 장미 연대의 연대장이 대대로 물려받은 호신용 칼.",true
2000382,"독수리를 잡으면 얻을 수 있는 고기.",true
2000383,"살이 꽉 찬 딱딱지게 다리.",true
2000384,"얇게 뜬 돛배조개 회.",true
2000385,"생태 연구용으로 쓰이는 마멋의 피.",true
2000386,"모래늪의 모모디에게 받은 소개장.",true
2000387,"모래늪의 모모디에게 받은 소개장.",true
2000388,"모래늪의 모모디에게 받은 소개장.",true
2000390,"아말쟈군 진영에서 발견한 수상한 전단.",true
2000391,"묘비로 사용되는 하얗게 빛나는 돌.",true
2000392,"다날란에서는 보기 드문 알디크 라벤더 꽃.",true
2000393,"인부 모집에 관한 내용이 적힌 광고지.",true
2000394,"미스릴이 함유되었을 가능성이 있는 돌.",true
2000395,"모래가 섞인 샘물.",true
2000396,"은갑옷단 오윈에게 쓴 편지.",true
2000397,"케이틀린이 준비한, 태양신 아제마에게 바칠 공물.",true
2000398,"은갑옷단 오윈에게 쓴 편지.",true
2000399,"아말쟈족에게 당한 흔적이 남은 끔찍한 시체.",true
2000400,"니메이아 백합 꽃다발.",true
2000401,"섬뜩한 전갈 문양이 새겨진 반지.",true
2000402,"중상도 치료할 수 있게 검술사 길드에서 특별히 주문한 포션.",true
2000403,"섬뜩한 전갈 문양이 새겨진 반지.",true
2000404,"해골단과 랄거 담즙을 거래한 내용이 적힌 증명서.",true
2000405,"자단나무로 된 작은 상자.",true
2000406,"오래된 공물.",true
2000407,"벌레를 쫓기 위해 말벌을 담가 만든 독주.",true
2000408,"큼지막한 독두꺼비 다릿살.",true
2000409,"격투사가 훈련할 때 사용하는 목제 인형.",true
2000410,"지평선 관문에 보내는 소포.",true
2000411,"알라미고 왕이 암살에 사용했다고 전해지는 극약.",true
2000412,"인부 모집에 관한 내용이 적힌 광고지.",true
2000413,"차압 처분이 내려졌음을 알리는 증서.",true
2000414,"말라 비틀어진 생선.",true
2000415,"대머리수리 가슴살.",true
2000416,"대량의 에테르가 든 수송용 상자.",true
2000417,"아말쟈족으로부터 얻은 혈액.",true
2000418,"대량의 에테르가 든 수송용 상자.",true
2000419,"아말쟈족으로부터 얻은 혈액.",true
2000420,"핏자국이 선명하게 남아있는 홀.",true
2000421,"날카로운 손톱자국이 남아있는 고서.",true
2000422,"요마 모르모에 관해 기술된 논문.",true
2000423,"오래되고 빛 바랜 동전.",true
2000425,"요마 모르모에 관해 기술된 논문.",true
2000426,"코코부시를 찾는다는 내용이 적힌 종이.",true
2000427,"개울두꺼비의 배를 갈라 꺼낸 간.",true
2000428,"갓 깎은 양털이 가득 든 자루.",true
2000429,"풍차로 빻은 밀가루가 가득 든 포대.",true
2000430,"붉은수탉 농장으로 보내는 짐.",true
2000431,"붉은수탉 농장으로 보내는 짐.",true
2000432,"붉은수탉 농장으로 보내는 짐.",true
2000433,"피에 흠뻑 젖은 팔찌.",true
2000434,"스카늠하가 마련한 도도 고기가 가득 든 상자.",true
2000435,"도도가 쏙 들어갈 만큼 커다란 포대.",true
2000436,"도도를 담은 포대.",true
2000437,"양에 붙은 이를 떨어내기 위한 도구.",true
2000438,"무당벌레가 좋아하는 진딧물의 체액.",true
2000439,"무당벌레를 짓이겨 짜낸 점액.",true
2000440,"불순물이 거의 없는 땅 크리스탈.",true
2000441,"잠긴 문을 열기 위한 열쇠.",true
2000442,"갱도를 팔 때 쓰는 폭파용 화약. 무게 6온즈.",true
2000444,"도시 내 가로등에 넣는 연료. 약간 비릿한 냄새가 난다.",true
2000445,"림사 로민사의 멜위브 제독에게 보내는 친서.",true
2000446,"그리다니아의 환술황 카느 에 센나에게 보내는 친서.",true
2000447,"맡으면 마음이 차분해지는 향기가 나는 식물.",true
2000448,"낙서 같은 선들이 빼곡하게 그려진 편지.",true
2000449,"관세를 내지 않고 도망간 교역 상인의 명단.",true
2000450,"갓 잘라낸 새끼 양의 어깻살.",true
2000451,"카르발랭이 새로 들여온 소량의 향신료와 그 사용 설명서가 들어있는 견본.",true
2000452,"카르발랭이 새로 들여온 소량의 향신료와 그 사용 설명서가 들어있는 견본.",true
2000453,"최근 신고가 들어온 실종자들이 적힌 명단.",true
2000454,"부유 해파리의 부드러운 갓.",true
2000455,"용의자를 목격한 사람의 기억을 토대로 작성된 몽타주.",true
2000456,"림사 로민사의 멜위브 제독에게 보내는 친서.",true
2000457,"울다하의 라우반 국장에게 보내는 친서.",true
2000458,"그리다니아의 환술황 카느 에 센나에게 보내는 친서.",true
2000459,"울다하의 라우반 국장에게 보내는 친서.",true
2000460,"몰래 기록한 상품 가격 메모지.",true
2000461,"어디서나 볼 수 있는 흔한 단검.",true
2000462,"마테리아가 장착되어 성능이 강화된 단검.",true
2000463,"사막 부족의 전통 방식으로 먹음직스럽게 구워낸 짭짜름한 빵.",true
2000464,"사고야자 나무의 줄기. 곱게 빻으면 사고 전분이 된다.",true
2000465,"사고야자 나무의 씨앗. 독을 빼면 먹을 수 있다.",true
2000466,"시들어서 색이 바랜 이파리.",true
2000467,"오쉬온로젤 꽃의 아랫부분에 있는 꽃받침.",true
2000468,"묵직한 야자 열매.",true
2000469,"돌벽의 일부였던 지저분한 벽돌.",true
2000470,"돌벽의 일부였던 단단한 벽돌.",true
2000471,"사사모의 여든 계단 근처에 있는 풍화된 암반에서 나온 파편.",true
2000472,"사사모의 여든 계단 근처에 있는 단단한 암반에서 나온 파편.",true
2000473,"동과 철, 유황이 함유된 광석.",true
2000474,"동이 함유된 순도 낮은 광석.",true
2000475,"돌벽의 일부였던 지저분한 벽돌.",true
2000476,"돌벽의 일부였던 단단한 벽돌.",true
2000477,"마르세트의 연구에 필요한 암석 견본.",true
2000478,"마르세트의 연구에 필요한 광석 견본.",true
2000479,"아무리 봐도 나나샤 공작석 원석 같지는 않다.",true
2000480,"아연이 함유된 광석.",true
2000481,"유적에서 반출한 지저분한 석재.",true
2000482,"유적에서 반출한 깨끗한 석재.",true
2000483,"도저히 금이 함유된 것 같지는 않은 암석.",true
2000484,"아무리 봐도 금이 함유된 것 같지는 않은 광석.",true
2000485,"허물을 벗은 독뿔도마뱀이 남긴 투명한 허물.",true
2000486,"노피카의 우물 근처에 있는 풍화된 암반에서 나온 파편.",true
2000487,"노피카의 우물 근처에 있는 단단한 암반에서 나온 파편.",true
2000488,"도저히 미스릴이 함유된 것 같지는 않은 암석.",true
2000489,"아무리 봐도 미스릴이 함유된 것 같지는 않은 광석.",true
2000490,"땅 속성의 힘이 충만하다고 전해지는 검붉은 돌.",true
2000491,"비석으로 가공하기 위한 석재.",true
2000492,"보이지 않는 도시를 뒤덮고 있던 암석.",true
2000493,"보이지 않는 도시를 뒤덮고 있던 마력을 띤 암석.",true
2000494,"사금이 함유된 것 같지는 않은 자갈.",true
2000495,"희미하게 빛나기는 하나 사금이 함유된 것 같지는 않은 자갈.",true
2000496,"이끼로 뒤덮인 지하도시 겔모라 시대의 석재.",true
2000497,"진흙이 굳어서 생성된 암석.",true
2000498,"돌벽을 만들기 좋은 평평하고 튼튼한 석재.",true
2000499,"도저히 금괴로는 보이지 않는 흙투성이 돌.",true
2000500,"도저히 금괴로는 보이지 않는, 고대 문자 같은 것이 새겨진 돌.",true
2000501,"사용하기 편한 크기로 쪼갠 부싯돌.",true
2000502,"채석공방의 돌벽에서 나온 파편.",true
2000503,"길지킴이 등불을 만들기 위해 관습에 따라 정해진 장소에서 채석된 석재.",true
2000504,"깨진 맥주병 조각으로 보이는 작은 돌.",true
2000505,"깨진 포도주병 조각으로 보이는 작은 돌.",true
2000506,"질 좋은 철이 함유된 광석.",true
2000507,"조개 무덤에서 발견된 조개껍데기. 고대 니므인이 버린 것으로 여겨진다.",true
2000508,"바일브랜드 섬 남쪽 암초에 분포하는 진미로 유명한 이매패류.",true
2000509,"보석상 로로톤의 자기소개가 적힌 명함.",true
2000510,"두툼한 황야염소 등심살.",true
2000511,"뽈록두더지의 질긴 살코기.",true
2000512,"선장실 문을 열기 위한 열쇠.",true
2000513,"잠수부문을 열기 위한 열쇠.",true
2000514,"징벌방 문을 열기 위한 열쇠.",true
2000515,"아이셈바드가 써준 소개장.",true
2000516,"향초에 불을 붙여 수면 가스를 발생시키기 위한 불씨.",true
2000517,"매장을 기다리는 죽은 자의 유해.",true
2000518,"아말쟈군 진영에서 발견한 수상한 전단.",true
2000519,"물에 빠진 돌고래 주점의 바데론이 맡긴 쪽지.",true
2000520,"기묘한 문자로 쓰인 편지.",true
2000521,"피난처 입구의 문을 열기 위한 열쇠.",true
2000522,"뱃사람들이 사용하는 전형적인 단검.",true
2000523,"팔분의 광장의 자나쉼에게 받은 작은 상자.",true
2000524,"불량한 도끼술사의 습격을 받은 짐마차 초코보가 떨어뜨린 짐.",true
2000525,"시가드의 것으로 보이는 물주머니. 찢어져서 물은 들어있지 않다.",true
2000526,"시가드의 것으로 보이는 가방. 짓밟혀서 너덜너덜해졌다.",true
2000530,"독수리의 화려한 깃털.",true
2000531,"코브란의 갑각에서 벗겨진 황철 광석 파편.",true
2000532,"독뿔도마뱀의 부드러운 가죽.",true
2000533,"부유 해파리가 높이를 조정할 때 사용하는 바닷물이 담긴 주머니.",true
2000534,"바람 정령으로부터 채취한 핵.",true
2000535,"번개 정령으로부터 채취한 핵.",true
2000536,"짐마차 초코보가 폭주하는 바람에 짐칸에서 떨어진 짐.",true
2000537,"사기꾼이 숨긴 귀금속.",true
2000538,"썩은 내가 나는 도도 고기.",true
2000539,"벨라흐디아 시대의 것으로 보이는 토기.",true
2000540,"속성이 편중된 크리스탈.",true
2000541,"바일브랜드 섬에서 재배되는 포도 열매.",true
2000542,"으스스한 분위기를 띤 요괴꽃의 씨앗.",true
2000543,"묵직한 도도 알.",true
2000544,"시음용 맥주가 든 병.",true
2000545,"파도에 쓸려 바닷가에 떠내려온 포도주.",true
2000546,"연금술사 에일윈이 개발한 신약.",true
2000547,"가스로 이루어진 생물인 봄의 가운뎃손가락.",true
2000548,"임프가 싫어하는 빛을 내는 반딧불.",true
2000549,"불 정령으로부터 채취한 핵.",true
2000550,"독성이 있는 꽃가루 뭉치.",true
2000551,"임프가 싫어하는 빛을 내는 위스프의 불씨.",true
2000552,"이계 보이드의 요마를 봉인한 금단의 마도서 중 일부.",true
2000553,"이계 보이드의 요마를 봉인한 금단의 마도서 중 일부.",true
2000554,"이계 보이드의 요마를 봉인한 금단의 마도서 중 일부.",true
2000555,"이계 보이드의 요마를 봉인한 금단의 마도서 중 일부.",true
2000556,"만드라고라의 머리에 돋아 광합성을 하는 싹.",true
2000557,"사다새의 질긴 살코기.",true
2000558,"강렬한 빛을 내는 크리스탈.",true
2000559,"갈레말 제국에서 만든 소형 통신기.",true
2000560,"번개 정령으로부터 채취한 핵.",true
2000561,"세공품 재료로 쓰이는 아름다운 조개껍데기.",true
2000562,"저지 라노시아에서 활동하는 코볼드족의 동향에 대해 정리한 보고서.",true
2000565,"마력을 상징하는 성화가 새겨진 조각상.",true
2000566,"지혜를 상징하는 포도가 새겨진 조각상.",true
2000567,"부를 상징하는 금강석이 새겨진 조각상.",true
2000568,"무력을 상징하는 투구가 새겨진 조각상.",true
2000569,"야니가 직접 만든 채소전골.",true
2000570,"게바가 만든 목장식.",true
2000571,"연금술로 만든 비료. 초목강 마물이 좋아한다.",true
2000572,"사냥용 덫을 설치하기 위한 도구가 든 상자.",true
2000573,"실프족에게 줄 선물이 든 꾸러미.",true
2000574,"카느 에 센나가 실프족 장로에게 쓴 친서.",true
2000575,"작은 환술용 마법도구.",true
2000576,"기살의 야채와 약간 닮은 어린잎.",true
2000577,"큼지막한 주홍버섯.",true
2000578,"제국군에 납품할 보급품 목록.",true
2000579,"실프족의 전통적인 방식으로 자아낸 실.",true
2000580,"버스카론 맘대로에서 가져온 나무통.",true
2000581,"강에서 뜬 찬물이 가득 든 나무통.",true
2000582,"온기가 남아있는 영양의 내장. 숲의 수호신에게 바칠 공물.",true
2000583,"요괴꽃의 알록달록한 꽃잎. 숲의 수호신에게 바칠 공물.",true
2000585,"땅속에 묻혀있던 겔모라 시대의 토기.",true
2000586,"푹 달인 봄의 손톱이 든 항아리.",true
2000587,"테테룬이 놓고 간 아름다운 붉은색 귀걸이.",true
2000588,"속이 텅 빈 통.",true
2000589,"얼간이 폭포에서 떠온 맑은 물이 가득 든 통.",true
2000590,"작은 커얼에게서 잘라낸 수염.",true
2000591,"달걀이 듬뿍 들어간 라노시아풍 토스트, 삶은 달걀, 계란말이, 계란국 세트.",true
2000592,"뼈의 일종으로 보이는 가늘고 긴 화석.",true
2000593,"조개 같은 무늬가 있는 둥근 화석.",true
2000594,"키키룬족만의 비법으로 만든 탁주.",true
2000595,"아제마 장미로 만든 향기로운 향유.",true
2000596,"임시 주거지의 장로 프리크시오가 쓴 편지.",true
2000597,"채집한 피를 넣을 빈 병.",true
2000598,"빈대모기의 신선한 피. 신기하게도 굳지 않는다.",true
2000599,"유익강에 속하는 마물을 쫓기 위해 만든 허수아비.",true
2000600,"수수께끼의 생물 흰복실털의 생피.",true
2000601,"알아볼 수 없는 글자로 쓰인 편지.",true
2000602,"하늘다리 유적에 관한 조사 보고서.",true
2000603,"하늘다리행 비공정 노선 개통을 요청하는 탄원서.",true
2000604,"봉화를 올리기 위한 불씨.",true
2000605,"독이 있어 보이는 사보텐더의 열매.",true
2000606,"날달 교단이 만든 이프리트의 축복을 저지하는 효과가 있는 성수.",true
2000607,"다날란 찻잎으로 우린 달콤한 홍차.",true
2000608,"검은장막 숲에서 자라는 새콤달콤한 사과 열매.",true
2000609,"커스버트 일족이 대대로 물려받아 온 낡은 전투도끼.",true
2000610,"독특한 향이 있는 잎.",true
2000611,"문투이 콩을 발효시켜 만든 조미료.",true
2000612,"크고 날카로운 영양의 뿔.",true
2000613,"버스카론이 준 염증약.",true
2000614,"메프리드가 쓴 소개장.",true
2000615,"시큼한 냄새가 나는 독뿔도마뱀의 독액.",true
2000616,"바위를 폭파하기 위해 사용하는 화약.",true
2000617,"번개 속성을 띤 작은 크리스탈 조각.",true
2000618,"둥둥 뜬 코르크 여관의 객실 열쇠.",true
2000619,"가을박 마을 주변에서 일어난 사건에 관한 보고서.",true
2000620,"김 빠진 맥주.",true
2000621,"에테르 전도율이 낮은 옹기 항아리.",true
2000622,"활동 상태를 유지하고 있는 골렘의 영혼석.",true
2000623,"초코보 깃털로 만든 먼지떨이. 냄새가 좀 난다.",true
2000624,"고고라타가 휘갈겨 쓴 편지.",true
2000625,"키키룬족에게 도둑맞은 고고라타의 상품.",true
2000626,"둥둥 뜬 코르크 여관에서 갓 만든 수제 도시락.",true
2000627,"기름이 떨어진 램프.",true
2000628,"작아진 벌룬이 들어있는 램프. 당장에라도 폭발할 것만 같다.",true
2000629,"높은 곳에 올라가기 위한 사다리.",true
2000630,"백합 문양이 새겨진 단추.",true
2000631,"독버섯에서 채취한 갓.",true
2000632,"두껍고 튼튼한 유리병.",true
2000633,"간신히 숨이 붙어있는 번개 정령이 담긴 병.",true
2000634,"움트는 연못에서 뜬 물.",true
2000636,"마물을 유인하기 위한 먹이.",true
2000637,"두꺼비의 탱탱한 다릿살.",true
2000638,"큼지막한 주홍버섯.",true
2000639,"연금술사 길드에서 만든 향 세트.",true
2000640,"플로랑이 떨어뜨린 목재.",true
2000641,"거대 금강거북이 낳은 특별히 거대한 알.",true
2000642,"도마뱀이 흘린 피. 신기하게도 굳지 않는다.",true
2000643,"우오드 눈이 아말쟈족에게서 빼앗은 전리품.",true
2000644,"아말쟈족의 인식표 역할을 하는 목걸이.",true
2000645,"약간 구린내 나는 민물아귀 고기.",true
2000646,"갈색긴다리거미의 날카로운 발톱.",true
2000647,"사막아귀가 쏙 들어갈 만큼 커다란 포대.",true
2000648,"사막아귀를 담은 포대.",true
2000649,"줄마노와 비슷한 색을 띤 특제 브랜디.",true
2000650,"쿠자이 타자이가 마련한 도도 고기가 가득 든 포대.",true
2000651,"발파용 화약. 무게 6온즈.",true
2000652,"사자 문양이 새겨진 메달.",true
2000653,"샤마니 로마니에게 전달할 포도주 주문서.",true
2000654,"포도주 마개를 만드는 재료.",true
2000655,"샤마니 로마니가 처음으로 빚은 포도주.",true
2000656,"밀림커얼의 아름다운 가죽.",true
2000657,"자연 발효시킨 수액이 들어있는 열매.",true
2000658,"멸종된 줄로만 알았던 바커스 포도의 나뭇가지.",true
2000659,"제6성력 1547년에 만들어진 환상의 포도주.",true
2000660,"바람 정령으로부터 채취한 핵.",true
2000661,"오쉬온로젤 꽃다발.",true
2000662,"반숙으로 삶은 금강거북 알, 지렁이 야채볶음, 고블린치즈 그라탕의 3가지 요리.",true
2000663,"식탁을 장식하기 위한 꽃들.",true
2000664,"제6성력 1547년에 만들어진 환상의 포도주.",true
2000665,"블라우귀발이 쓴 부대 복귀 신청서.",true
2000666,"척 봐도 커다란 온수송어.",true
2000667,"모닥불로 구워낸 먹음직스러운 온수송어.",true
2000668,"골렘의 심장에 해당하는, 마법의 힘이 담긴 돌.",true
2000669,"단단하고 날카로운 랍토르의 발톱.",true
2000670,"과연 이것으로 커얼을 잡을 수 있을지 걱정되는 포대.",true
2000671,"대체 어떻게 커얼이 들어갔는지 알 수가 없다.",true
2000672,"코볼드족이 폭탄에 불을 붙이기 위해 준비한 불씨.",true
2000673,"미끌미끌하고 끈적끈적한 도롱뇽 기름.",true
2000674,"향신료가 들어간 포도주.",true
2000675,"알맞게 데운 양념포도주.",true
2000676,"청동호수에서 뜬 시리도록 차가운 물.",true
2000677,"망가진 조리기구로 보이는 잔해.",true
2000678,"끝이 매우 가늘고 뾰족한 정.",true
2000679,"정밀한 부품을 집을 수 있는 펜치.",true
2000680,"에오르제아에서는 볼 수 없는 회중시계.",true
2000681,"벌레가 싫어하는 연기를 내는 향.",true
2000682,"에즈무어가 맡긴 동전 주머니.",true
2000683,"조조르가 맡긴 동전 주머니.",true
2000684,"계피로 향을 낸 쿠키.",true
2000685,"새벽의 혈맹에 소속되었던 자들의 유해.",true
2000686,"실프족 용사 노라크시아의 유해.",true
2000687,"질감이 뻣뻣한 소박하고도 저렴한 삼베.",true
2000688,"쨍쨍한 햇빛을 받고 자란 사보텐더 델 솔의 과육.",true
2000689,"사보텐더의 과육을 갈아 만든 주스.",true
2000690,"썩은 내가 나는 도도 고기.",true
2000693,"이단자 집단에게 빼앗긴 짐.",true
2000694,"이단자 집단에게 빼앗긴 짐.",true
2000695,"이단자 집단에게 빼앗긴 짐.",true
2000696,"이단자 집단에게 빼앗긴 짐.",true
2000697,"프란셀이 쓴 소개장.",true
2000698,"난방하기 위해 사용하는 장작.",true
2000699,"신선하고 두툼한 양의 등심 부위.",true
2000700,"검은양의 부드럽고 질 좋은 가죽.",true
2000701,"흠집이 난 은색 반지.",true
2000702,"수상한 남자가 흘리고 간 나이프.",true
2000703,"흰눈늑대의 뻣뻣한 가죽.",true
2000704,"검은양을 포획하는 데 쓰는 굵은 밧줄.",true
2000705,"밧줄로 꽁꽁 묶인 검은양 세바스찬.",true
2000706,"화톳불을 붙이기 위한 불씨.",true
2000707,"검은장막 숲에서만 나는 주목나무 목재.",true
2000708,"커르다스에 사는 이크살족의 동향을 기록한 편지.",true
2000709,"가스로 이루어진 생물인 봄의 가운뎃손가락.",true
2000710,"검은장막 숲에 사는 이크살족의 동향 등을 기록한 편지다냥.",true
2000711,"드래곤족에게 가담한 이단자의 증표.",true
2000712,"알카 졸카가 학자의 의복에 관해 연구한 자료.",true
2000713,"학자의 의복 제작에 필요한 염료의 재료.",true
2000714,"청린 정제소에서 정제된 잘 타는 청린수.",true
2000715,"니메이아 백합 꽃다발.",true
2000716,"성 다니펜의 눈물에서 길어온 성수로 만든 고급 포도주.",true
2000717,"쥘린이 만든 묵주의 부속품.",true
2000718,"미스릴로 만든 이슈가르드 정교의 묵주.",true
2000719,"너무 많이 읽어 닳아버린 오래된 서책.",true
2000720,"제6성력 1572년 말기의 관측 결과가 기록된 서책.",true
2000721,"뒤랑데르 가에 보내는 아주 좋은 소개장.",true
2000722,"프란셀이 뒤랑데르 가에 보내는 소개장.",true
2000723,"니비가 떨어뜨린 편지.",true
2000724,"점박이 흙도롱뇽의 쫄깃한 꼬리고기.",true
2000725,"흙도롱뇽의 쫄깃한 꼬리고기를 거침없이 구워낸 요리.",true
2000726,"이단자로 보이는 자의 시체에서 나온 물품들.",true
2000727,"",true
2000728,"미끌미끌한 친칠라 기름.",true
2000729,"드래곤족의 몸에서 벗겨낸 비늘.",true
2000730,"쥐의 불결한 시체.",true
2000731,"울다하 연금술사 길드에서 만든 고급 연금약.",true
2000732,"얼음 정령으로부터 채취한 핵.",true
2000733,"교황청의 문장이 찍힌 이단 심문관 임명서.",true
2000734,"전투로 인해 망가져버린 무기.",true
2000735,"몸도 마음도 흥분시키는 격하게 매운 열광약.",true
2000736,"하얀테 전초지 지하감옥의 열쇠.",true
2000737,"강철로 된 무거운 쇄빙 곡괭이.",true
2000738,"몸을 데워주는 효과가 있는 증류주.",true
2000739,"실족한 사람을 구조하기 위해 필요한 굵은 밧줄.",true
2000740,"소박한 옹기 항아리.",true
2000741,"안쪽에 특수한 연금약이 도포된 항아리.",true
2000742,"편속성 크리스탈을 채석할 때 사용하는 커다란 망치.",true
2000743,"금빛 양털이라고도 불리는 수수께끼의 생물 금복실털의 생피.",true
2000744,"단단한 도브란 껍데기에 섞여있는 주황색 결정.",true
2000745,"아름답게 빛나는 황금빛 깃털.",true
2000746,"텅 빈 포도주병.",true
2000747,"건져낸 술통에서 회수한 포도주.",true
2000748,"동방 지역에서 수입된 향신료.",true
2000749,"아제마 장미 꿀로 만든 향기로운 향수.",true
2000750,"실프가 좋아하는 실프나리 꽃 씨앗.",true
2000751,"바람 정령으로부터 채취한 핵.",true
2000752,"진실한 마음을 상징하는 붉게 빛나는 돌.",true
2000753,"이상하게 끈적거리는 편속성 크리스탈.",true
2000756,"발광 심령체의 전기를 띤 촉매.",true
2000757,"발광 플라스마 덩어리의 전기를 띤 촉매.",true
2000758,"붕괴한 야영지에 남겨진 물품들.",true
2000759,"장식 문자로 꾸며진 화려한 편지.",true
2000760,"종이에 꽃을 납작하게 붙인 그리다니아풍 편지.",true
2000761,"수수하고 장식이 없는 편지.",true
2000762,"기가스족이 소중하게 가지고 있던 날카롭고 뾰족한 크리스탈.",true
2000763,"독이 있어 보이는 흙도롱뇽의 간.",true
2000764,"엉킨덩굴 습지대에서만 자라는 쇠뜨기말의 뿌리.",true
2000765,"제국 비공전함의 잔해에서 잘라낸 장갑판.",true
2000766,"방사되는 번개파동을 측정하는 장치.",true
2000767,"강화 섬유로 만들어진 제국군 군복. 전투로 인해 손상되었다.",true
2000768,"경량 합금을 안쪽에 부착한 제국군 투구. 전투로 인해 손상되었다.",true
2000769,"강화 섬유로 만들어진 제국군 군복. 겉보기는 깔끔하게 수선되었다.",true
2000770,"경량 합금을 안쪽에 부착한 제국군 투구. 겉보기는 깔끔하게 수선되었다.",true
2000771,"제국군이 사용하는 발연통.",true
2000772,"마법 인형의 핵심 부품.",true
2000773,"보안을 해제하는 데 사용하는 제국군의 인증 열쇠.",true
2000774,"투명하고 얇은 거대 말파리의 날개.",true
2000775,"제비 문양이 들어간 붉은 제비 상륙부대의 인식표.",true
2000776,"붉은 제비 상륙부대에서 만든 수제 폭탄.",true
2000777,"붉은 제비 상륙부대의 활약을 과장되게 부풀려 작성한 보고서.",true
2000779,"폭발력이 너무 강한 게 아닌지 걱정되는 폭약.",true
2000780,"모래지렁이 기름 등으로 만든 우씨족의 전통 연고.",true
2000781,"수송 부대에 전달할 보급 물자.",true
2000782,"흑와단에서 만든 수제 폭탄.",true
2000783,"흑와단에서 장병들에게 지급하는 군용 식량.",true
2000784,"말벌해파리의 갓을 썰어낸 쫄깃한 회.",true
2000785,"닭고기와 식감이 비슷한 바실리스크의 고기.",true
2000786,"바실리스크 고기와 채소를 푹 끓여낸 야생미 넘치는 스튜.",true
2000787,"불멸대 제식검이 들어있는 상자.",true
2000788,"당장에라도 폭발할 듯한 그레네이드의 발톱.",true
2000789,"메메조푸가 조제한 물약. 마시면 큰일 날 듯한 색을 띠고 있다.",true
2000790,"아리만의 마안을 덮는 각막.",true
2000791,"하얀 늑대 관문을 통행하기 위해 필요한 쌍사당의 허가증.",true
2000792,"알카 졸카가 학자의 의복에 관해 연구한 자료.",true
2000793,"학자의 의복 제작에 필요한 염료의 재료.",true
2000794,"마감 작업만을 남겨둔 학자의 의복.",true
2000795,"세상을 방랑했던 뿔의 아이, 아 토와 칸트의 유골이 담긴 항아리.",true
2000796,"멜반 세관공사에서 사용하는 비술 훈련용 상자.",true
2000797,"수수께끼의 문자로 쓰인 편지.",true
2000798,"비술사 길드마스터 크리드 티아에게 받은 마도서.",true
2000799,"크리햐가 쓴 지령서.",true
2000800,"갓 낚은 싱싱한 청어.",true
2000801,"오필로나가 직접 만든 장어파이.",true
2000802,"동전이 가득 든 자루.",true
2000803,"만져보면 옷가지와 책과 안경 따위가 들어있는 듯한 가죽주머니.",true
2000804,"무희 엘드기스가 근무 중 애용하는 파레오.",true
2000805,"오랫동안 보관해온 고급 포도주.",true
2000806,"야니가 직접 만든 채소전골.",true
2000807,"게바가 만든 목장식.",true
2000808,"신비로운 마력을 내뿜는 돌멩이.",true
2000809,"요마가 흘린 피. 신기하게도 굳지 않는다.",true
2000810,"요마가 흘린 피. 신기하게도 굳지 않는다.",true
2000811,"요마가 흘린 피. 신기하게도 굳지 않는다.",true
2000812,"아말쟈족의 피. 신기하게도 굳지 않는다.",true
2000813,"작은 크리스탈로 만든 부적 같은 물건.",true
2000814,"드래곤족 졸개를 부르는 작은 마법 피리.",true
2000815,"잿빛교룡을 무찔렀다는 증거.",true
2000816,"희미하게 빛나는 소울 크리스탈.",true
2000817,"에테르를 측정하는 장치.",true
2000818,"에테르를 측정하는 장치.",true
2000819,"위다르겔트가 맡긴 에테르 측정기.",true
2000820,"에테르를 측정하는 장치.",true
2000821,"토벌한 망자의 유해.",true
2000822,"신비롭게 빛나는 작은 크리스탈.",true
2000823,"말린 콩이 든 주머니.",true
2000824,"드래곤족 졸개를 부르는 작은 마법 피리.",true
2000826,"황금빛으로 빛나는 신선한 벌꿀.",true
2000827,"연금술사 길드에서 연성된 원료를 알 수 없는 물약.",true
2000828,"새매의 알과 봄의 손톱으로 만든 눈물나게 매운 수프.",true
2000829,"바위도 녹인다는 강력한 개미산.",true
2000830,"정체는 알 수 없으나 코를 찌르는 냄새가 독한 액체.",true
2000831,"형언하기 어려운 냄새가 나는 요괴꽃의 뿌리.",true
2000832,"뼈의 일종으로 보이는 가늘고 긴 화석.",true
2000833,"암컷 모래지렁이의 쫄깃한 살코기.",true
2000835,"검은장막 숲에서만 자라는 식물의 열매. 요리에 풍미를 더한다.",true
2000836,"문투이 소스의 깊은 맛을 내는 향신료.",true
2000837,"안쪽에 특수한 연금약이 도포된 항아리.",true
2000838,"편속성 크리스탈이 담긴 항아리.",true
2000839,"안쪽에 특수한 연금약이 도포된 항아리.",true
2000840,"안쪽에 특수한 연금약이 도포된 항아리.",true
2000841,"편속성 크리스탈이 담긴 항아리.",true
2000842,"포르틀렌이 브리셀에게 보내는 소개장.",true
2000843,"환영 제도에 갈 수 있는 특별 도항 허가증.",true
2000844,"랑세페르의 아내가 끼고 있던 반지.",true
2000845,"기름기 있는 두툼한 야생돼지 고기.",true
2000846,"검은장막 숲에 나타난 야만신 '오딘'에 관해 조사한 보고서.",true
2000848,"말벌해파리의 갓을 썰어낸 흐물흐물한 회.",true
2000849,"미미도아가 개발한 고성능 귀마개.",true
2000850,"갈레말 제국군이 정식 채택한 한손검.",true
2000851,"보존식품과 음료수 등이 들어있는 꾸러미.",true
2000852,"맛이 깊기로 정평이 난 특급 브랜디.",true
2000853,"잔뜩 구겨진 조사 기록지.",true
2000854,"구조 작업에 사용하는 튼튼한 밧줄.",true
2000855,"사보텐더의 열매를 우려내어 만든 해열용 약차.",true
2000856,"뒤랑데르 가에 보내는 아주 좋은 소개장.",true
2000857,"검은장막 숲에서 자라는 새콤달콤한 사과 열매.",true
2000858,"프란셀이 뒤랑데르 가에 보내는 소개장.",true
2000859,"사보텐더의 열매로 만든 토속주.",true
2000860,"검은양의 신선한 피. 신기하게도 굳지 않는다.",true
2000861,"젊은 여성의 시체.",true
2000862,"끈적끈적하고 고약한 냄새가 나는 스트로퍼의 위장.",true
2000863,"기둥에 들러붙은 생물을 떼어낼 때 쓰는 주걱.",true
2000864,"고블린족만의 비법으로 만든, 재료를 알 수 없는 냄새나는 치즈.",true
2000865,"태양의 여신 아제마의 이름을 딴 장미꽃 다발.",true
2000866,"교황청의 문장이 찍힌 이단 심문관 임명서.",true
2000867,"흠집이 난 은색 반지.",true
2000868,"상자에 달린 자물쇠를 파괴하기 위한 거대한 망치.",true
2000869,"수송 부대에 전달할 보급 물자.",true
2000870,"수송 부대에 전달할 보급 물자.",true
2000871,"제129단 사제로부터 빼앗은 전리품.",true
2000872,"발로르의 미니언이 흘린 눈물.",true
2000873,"가스로 이루어진 생물인 봄의 약손가락.",true
2000874,"불 정령으로부터 채취한 가연성 물질.",true
2000875,"불도마뱀이 브레스의 연료로 분비하는 액체.",true
2000876,"흰늑대의 뻣뻣한 털모피.",true
2000877,"가스로 이루어진 생물인 네이팜의 작은손가락.",true
2000878,"부드럽고 두툼한 양의 등심살.",true
2000879,"생태 조사용 견본으로 채취한 흙.",true
2000880,"붉은색이 도는 히포그리프 고기.",true
2000881,"번개도마뱀의 단단한 힘줄.",true
2000882,"얼음 정령으로부터 채취한 핵.",true
2000883,"수수께끼의 문자로 쓰인 편지.",true
2000884,"새로 만든 마도서.",true
2000885,"크리햐가 쓴 지령서.",true
2000886,"갓 낚은 싱싱한 청어.",true
2000887,"오필로나가 직접 만든 장어파이.",true
2000888,"동전이 가득 든 자루.",true
2000889,"의문의 가죽주머니.",true
2000890,"엘드기스가 애용하는 파레오.",true
2000891,"오랫동안 보관해온 고급 포도주.",true
2000892,"작은 환술용 마법도구.",true
2000893,"보수 공사에 쓰기 좋은 평평하고 튼튼한 석재.",true
2000894,"보수 공사에 쓰기 좋은 평평하고 질 좋은 석재.",true
2000895,"압축되어 단단하게 얼어붙은 눈벽돌.",true
2000896,"생물의 뼈가 변해 만들어진 암석.",true
2000897,"푸른 빛을 띤 미스릴이 함유된 광석.",true
2000898,"푸른 빛을 띤 미스릴이 함유된 고순도 광석.",true
2000899,"얼음외투 대빙벽 주변에서 채취된 얼음 조각.",true
2000900,"얼음외투 대빙벽 주변에서 채취된 딱딱한 얼음 조각.",true
2000901,"이슈가르드식 주조법으로 가공하기 좋은 철이 함유된 광석.",true
2000902,"수선 공사에 쓰기 좋은 평평하고 튼튼한 석재.",true
2000903,"하얀테 설원의 얼어붙은 흙.",true
2000904,"하얀테 설원의 단단하게 얼어붙은 흙.",true
2000905,"비공전함 아그리우스에 사용된 장갑재.",true
2000906,"비공전함 아그리우스에 사용된 초경합금.",true
2000907,"유적을 뒤덮고 있던 크리스탈.",true
2000908,"신들의 문장이 새겨진 돌멩이. 열렬한 수집가가 일부 존재한다고 한다.",true
2000909,"크리스탈화된 나무뿌리.",true
2000910,"크리스탈화된 나무줄기.",true
2000911,"약품 조제에 쓰이는 박하.",true
2000912,"약품 조제에 쓰이는 어린 박하잎.",true
2000913,"벌목된 질 좋은 참나무 원목.",true
2000914,"기살의 야채 밭에 자란 잡초.",true
2000915,"강가에 쓰러져있던 유목의 가지.",true
2000916,"강가에 쓰러져있던 유목의 줄기.",true
2000917,"침엽수에 병을 옮기는 해충.",true
2000918,"병이 옮은 나무껍질.",true
2000919,"화살을 만들 때 쓰는 나뭇가지.",true
2000920,"벌목된 티크나무 원목.",true
2000921,"수상한 흠집이 나 있는 나무껍질.",true
2000922,"인위적으로 낸 흠집이 남아있는 나무껍질.",true
2000923,"어떤 유물의 일부였던 것으로 보이는 파편.",true
2000924,"신들의 문장이 새겨진 돌멩이.",true
2000925,"발판을 만드는 데 쓰기 좋은 원목.",true
2000926,"결정화된 잡초. 아주 쉽게 깨진다.",true
2000927,"밑동이 크리스탈로 변한 나무의 가지.",true
2000928,"밑동이 크리스탈로 변한 나무의 줄기.",true
2000929,"단단하고 날카로운 화살촉.",true
2000930,"각암 골렘의 핵으로 사용된 영혼석.",true
2000931,"안쪽에 특수한 연금약이 도포된 항아리.",true
2000932,"이상하게 끈적거리는 편속성 크리스탈.",true
2000933,"드래곤족의 단단하고 무거운 뼈.",true
2000934,"달의 위성 달라가브의 일부로 보이는 작은 조각.",true
2000935,"알라미고의 수호신인 파괴신 랄거의 문장이 그려진 부적.",true
2000936,"고대 알라그 문명의 유적에서 발굴된 크리스탈.",true
2000937,"신비로운 마력을 내뿜는 돌멩이.",true
2000938,"신비로운 마력을 내뿜는 돌멩이.",true
2000939,"새 백마도사용 장갑.",true
2000940,"새 백마도사용 치마바지.",true
2000941,"새 백마도사용 장화.",true
2000942,"새 백마도사용 머리장식.",true
2000943,"새 백마도사용 로브.",true
2000944,"세상을 방랑했던 뿔의 아이, 아 토와 칸트의 유골이 담긴 항아리.",true
2000945,"드래곤족에게 가담한 이단자의 증표.",true
2000946,"바커스 포도의 잎.",true
2000947,"크리스탈을 깎아 만든 거탑의 조각상.",true
2000948,"망자의 유해를 태우고 남은 재. 시련을 달성한 증거.",true
2000949,"수수께끼의 늙은 기사에게 받은 크리스탈.",true
2000950,"아제마 장미 꿀로 만든 향기로운 향수.",true
2000951,"에테르를 측정하는 장치.",true
2000952,"니메이아 백합 꽃다발.",true
2000953,"니메이아 백합 꽃다발.",true
2000954,"요마가 흘린 피. 신기하게도 굳지 않는다.",true
2000955,"이크살족의 피. 신기하게도 굳지 않는다.",true
2000956,"코볼드족의 피. 신기하게도 굳지 않는다.",true
2000957,"모험가의 피. 신기하게도 굳지 않는다.",true
2000958,"정체는 알 수 없으나 코를 찌르는 냄새가 독한 액체.",true
2000959,"벌레를 쫓기 위해 말벌을 담가 만든 독주.",true
2000960,"찬물이 가득 든 물병.",true
2000961,"커르다스산 사과로 만든 식초.",true
2000962,"자극적인 향신료와 기타 등등이 가득 담긴 주머니.",true
2000963,"뿔의 아이 오 아파 페시가 마력을 담은 숲의 성수.",true
2000964,"마감 작업만을 남겨둔 학자의 의복.",true
2000965,"사악한 신 '오딘'을 가두고 있었던 것으로 보이는 봉인석.",true
2000966,"실프족 용사 노라크시아의 유해.",true
2000967,"일명 경위서. 내용은 양심껏 보지 말자…….",true
2000968,"신축성이 뛰어난 박쥐 날개.",true
2000969,"흑와단 상사 빌츠위스에게 보내는 편지.",true
2000970,"사다새의 독샘에서 분비되는 액체.",true
2000971,"포도주 항구에서 만든 포도주.",true
2000972,"사랑스럽게 생긴 하얀색 향기별꽃.",true
2000973,"오래 쓴 낡은 사냥용 단검.",true
2000974,"아말쟈군 요새의 상황이 자세히 기록된 지도.",true
2000975,"헬름하트가 흰복실털의 피로 만든 수수께끼의 약품.",true
2000976,"헬름하트가 금복실털의 피로 만든 수수께끼의 약품.",true
2000979,"이계 보이드의 요마를 봉인한 금단의 마도서 중 일부.",true
2000980,"질긴 낮은음 악어 고기.",true
2000981,"이계 보이드의 요마를 봉인한 금단의 마도서 중 일부.",true
2000982,"이계 보이드의 요마를 봉인한 금단의 마도서 중 일부.",true
2000983,"이계 보이드의 요마를 봉인한 금단의 마도서 중 일부.",true
2000984,"흙도롱뇽의 쫄깃한 꼬리고기를 거침없이 구워낸 요리.",true
2000985,"적 고블린족이 가지고 있던 열쇠.",true
2000986,"어떤 장치에서 떨어져나온 듯한 석판.",true
2000987,"로웨나가 무기 장인 게롤트에게 빌려준 금액을 증명하는 서류.",true
2000988,"처참하게 노후화된 브라부라.",true
2000989,"처참하게 노후화된 커르타나.",true
2000990,"처참하게 노후화된 스파이라이.",true
2000991,"처참하게 노후화된 게 볼그.",true
2000992,"처참하게 노후화된 은하수 지팡이.",true
2000993,"처참하게 노후화된 타이러스.",true
2000994,"처참하게 노후화된 아르테미스의 활.",true
2000995,"처참하게 노후화된 위유베르.",true
2000996,"처참하게 노후화된 자나디서.",true
2000997,"도름 키마이라의 몸속에 축적된 알루미나 입자.",true
2000998,"도름 키마이라의 몸속에 축적된 알루미나 입자.",true
2000999,"도름 키마이라의 몸속에 축적된 알루미나 입자.",true
2001000,"도름 키마이라의 몸속에 축적된 알루미나 입자.",true
2001001,"도름 키마이라의 몸속에 축적된 알루미나 입자.",true
2001002,"도름 키마이라의 몸속에 축적된 알루미나 입자.",true
2001003,"도름 키마이라의 몸속에 축적된 알루미나 입자.",true
2001004,"도름 키마이라의 몸속에 축적된 알루미나 입자.",true
2001005,"도름 키마이라의 몸속에 축적된 알루미나 입자.",true
2001006,"제5성력 시대의 유물. 일부 수집가들에게 매우 인기가 있다.",true
2001007,"제5성력 시대의 유물. 일부 수집가들에게 매우 인기가 있다.",true
2001008,"제5성력 시대의 유물. 일부 수집가들에게 매우 인기가 있다.",true
2001009,"제5성력 시대의 유물. 일부 수집가들에게 매우 인기가 있다.",true
2001010,"제5성력 시대의 유물. 일부 수집가들에게 매우 인기가 있다.",true
2001011,"제5성력 시대의 유물. 일부 수집가들에게 매우 인기가 있다.",true
2001012,"제5성력 시대의 유물. 일부 수집가들에게 매우 인기가 있다.",true
2001013,"제5성력 시대의 유물. 일부 수집가들에게 매우 인기가 있다.",true
2001014,"제5성력 시대의 유물. 일부 수집가들에게 매우 인기가 있다.",true
2001015,"전설적인 용병 '강철파괴자'의 무용담이 기록된 사본.",true
2001016,"트리스트럼 경의 활약을 그린 서사시가 기록된 사본.",true
2001017,"쌍표범 이본의 제자가 기록했다고 알려진 무술서.",true
2001018,"성녀 레네트의 생애를 기록한 이슈가르드 정교의 경전.",true
2001019,"청동호수에서 발견된 제5성력 시대의 고문서를 복제한 사본.",true
2001020,"울다하의 주술사가 썼다고 알려진 수필의 사본.",true
2001021,"강궁 길버트가 읊은 시와 노래를 수집한 사본.",true
2001022,"현존하는 위유베르의 가장 오래된 판본을 복제한 책.",true
2001023,"마법 대전에 관한 전승을 기록한 사본.",true
2001024,"맹렬히 타오르는 화염신 이프리트의 불꽃.",true
2001025,"맹렬히 타오르는 화염신 이프리트의 불꽃.",true
2001026,"맹렬히 타오르는 화염신 이프리트의 불꽃.",true
2001027,"맹렬히 타오르는 화염신 이프리트의 불꽃.",true
2001028,"맹렬히 타오르는 화염신 이프리트의 불꽃.",true
2001029,"맹렬히 타오르는 화염신 이프리트의 불꽃.",true
2001030,"맹렬히 타오르는 화염신 이프리트의 불꽃.",true
2001031,"맹렬히 타오르는 화염신 이프리트의 불꽃.",true
2001032,"맹렬히 타오르는 화염신 이프리트의 불꽃.",true
2001033,"거세게 몰아치는 바람신 가루다의 바람.",true
2001034,"거세게 몰아치는 바람신 가루다의 바람.",true
2001035,"거세게 몰아치는 바람신 가루다의 바람.",true
2001036,"거세게 몰아치는 바람신 가루다의 바람.",true
2001037,"거세게 몰아치는 바람신 가루다의 바람.",true
2001038,"거세게 몰아치는 바람신 가루다의 바람.",true
2001039,"거세게 몰아치는 바람신 가루다의 바람.",true
2001040,"거세게 몰아치는 바람신 가루다의 바람.",true
2001041,"거세게 몰아치는 바람신 가루다의 바람.",true
2001042,"지독하게 무거운 바위신 타이탄의 황토.",true
2001043,"지독하게 무거운 바위신 타이탄의 황토.",true
2001044,"지독하게 무거운 바위신 타이탄의 황토.",true
2001045,"지독하게 무거운 바위신 타이탄의 황토.",true
2001046,"지독하게 무거운 바위신 타이탄의 황토.",true
2001047,"지독하게 무거운 바위신 타이탄의 황토.",true
2001048,"지독하게 무거운 바위신 타이탄의 황토.",true
2001049,"지독하게 무거운 바위신 타이탄의 황토.",true
2001050,"지독하게 무거운 바위신 타이탄의 황토.",true
2001051,"성 다니펜의 눈물에서 채취한 성수.",true
2001052,"마도 뱅가드에서 얻은 폐자재.",true
2001053,"해독제의 원료로 사용되는 독버섯.",true
2001054,"키키룬족이 좋아하는 식재료.",true
2001055,"동족에게 살해당한 실프족의 유품.",true
2001056,"골렘의 핵 역할을 하는 광석.",true
2001057,"꿀벌이 잘 모여드는 빗물받이꽃의 꿀.",true
2001058,"보안을 해제하는 데 사용하는 제국군의 인증 열쇠.",true
2001059,"제국력 37년식 휴대용 소형 폭탄.",true
2001060,"보안을 해제하는 데 사용하는 제국군의 인증 열쇠.",true
2001061,"에테르를 측정하는 장치.",true
2001062,"에테르를 측정하는 장치.",true
2001063,"에테르를 측정하는 장치.",true
2001064,"에테르를 측정하는 장치.",true
2001065,"보안을 해제하는 데 사용하는 제국군의 인증 열쇠.",true
2001066,"제국력 37년식 휴대용 소형 폭탄.",true
2001067,"새벽의 혈맹에 소속되었던 자들의 유해.",true
2001068,"수호천절 축제에서 받은 과자.",true
2001069,"수호천절 축제에서 받은 과자.",true
2001070,"수호천절 축제에서 받은 과자.",true
2001071,"톤베리의 초롱불에 들어있던 기름. 윤활유 대신 사용할 수 있을 것 같다.",true
2001072,"갓 잡은 싱싱한 진흙 푸길.",true
2001073,"끈적하지 않고 투명한 도롱뇽 기름.",true
2001074,"천재 보석공예가 니엘프렌이 만든 묘안석 귀걸이. 손상되어 흠집이 나 있다.",true
2001075,"여러 가지 광석이 든 자루.",true
2001076,"천재 보석공예가 니엘프렌이 만든 묘안석 귀걸이.",true
2001077,"새벽의 혈맹 본부 이전 계획이 적힌 편지.",true
2001078,"카른의 무너진 사원에서 발굴된 마물 퇴치용 석재.",true
2001079,"무게 24온즈짜리 수제 폭탄.",true
2001080,"모래의 집에서 가지고 나갈 짐.",true
2001081,"아발라시아 산맥 고원 지대에서 자생하는 찻잎.",true
2001082,"하이윈드 비공사의 비공정 탑승권. 레몽도의 서명이 되어있다.",true
2001083,"짐승의 신선한 넙다리뼈.",true
2001084,"굶주린 강아지.",true
2001085,"",true
2001086,"태어난 지 얼마 안 된 아기 커얼.",true
2001087,"보물이 묻혀있는 곳을 기록한 듯한 고지도.<br>[레벨 40 권장]",true
2001088,"보물이 묻혀있는 곳을 기록한 듯한 고지도.<br>[레벨 45 권장]",true
2001089,"보물이 묻혀있는 곳을 기록한 듯한 고지도.<br>[레벨 50 권장]",true
2001090,"보물이 묻혀있는 곳을 기록한 듯한 고지도.<br>[레벨 50 권장]",true
2001091,"보물이 묻혀있는 곳이 기록된 듯한 고지도.<br>[레벨 50 대규모 파티 권장]",true
2001093,"코볼드족이 타이탄을 소환할 때 사용하는 초고순도 땅 속성 크리스탈.",true
2001094,"사하긴족이 리바이어선을 소환할 때 사용하는 초고순도 물 속성 크리스탈.",true
2001095,"아말쟈족이 이프리트를 소환할 때 사용하는 초고순도 불 속성 크리스탈.",true
2001096,"이크살족이 가루다를 소환할 때 사용하는 초고순도 바람 속성 크리스탈.",true
2001097,"불 속성을 띤 고강도 열화석 입자.",true
2001098,"땅 속성을 띤 고강도 옥토석 입자.",true
2001099,"보석공예가 길드에 지불할 모래 대금.",true
2001100,"바람 속성을 띤 고강도 훈풍석 입자.",true
2001101,"물 속성을 띤 고강도 청수석 입자.",true
2001102,"지즈로부터 채취한 담즙. 섞으면 위험하다.",true
2001103,"아귀로부터 채취한 간. 먹으면 위험하다.",true
2001104,"몰볼로부터 채취한 위액. 만지면 위험하다.",true
2001105,"좀비로부터 채취한 썩은 살점. 냄새 맡으면 위험하다.",true
2001106,"푸딩으로부터 채취한 횟감. 탱탱해서 위험하다.",true
2001107,"법으로 사용이 금지된 식물. 소지 자체가 위험하다.",true
2001108,"네모 마이모브가 직접 만든 초콜릿.",true
2001109,"로즈웬이 던진 상자. 초콜릿 향기가 난다.",true
2001110,"예리한 날붙이가 들어있는 듯한 소포.",true
2001111,"가늘고 긴 목공예품이 들어있는 듯한 소포.",true
2001112,"가지각색의 약병이 들어있는 듯한 소포.",true
2001113,"불 정령으로부터 채취한 핵.",true
2001114,"육지에 사는 거대한 강철거북의 등딱지.",true
2001115,"아말쟈족이 의식에 사용하는 제사 도구.",true
2001116,"아말쟈족이 의식에 사용하는 공물.",true
2001117,"숲에 자생하는 채소류. 개량되지 않아 맛이 없다.",true
2001118,"몰볼로부터 채취한 담즙. 형언하기 어려운 악취가 난다.",true
2001119,"나무정령으로부터 채취한 썩은 도토리. 썩은 내가 심하게 난다.",true
2001120,"지즈로부터 채취한 독액. 코를 찌르는 자극적인 냄새가 난다.",true
2001121,"꿈결두꺼비의 점액. 젖뿌리의 효능을 돋운다.",true
2001122,"질 좋은 자연산 젖뿌리. 말단가격은 비싸다.",true
2001123,"화염신 이프리트의 모습을 본뜬 우상.",true
2001124,"민필리아의 아버지 워버튼이 남긴 수첩. 반제국 활동가가 조사한 정보가 적혀있다.",true
2001125,"좀비가 가지고 있던 썩은 내 나는 수상한 쪽지.",true
2001126,"나슈 마카라카가 만든 특제 폭탄.",true
2001127,"샘에서 발견한 흙투성이가 된 병.",true
2001128,"샘에서 발견한 흙투성이가 된 돌.",true
2001129,"샘에서 발견한 바닥이 나간 항아리.",true
2001130,"이상한 보물상자에 들어있던 잡동사니.",true
2001131,"말의 아름다움을 표현한 당근.",true
2001132,"말의 속도를 표현한 당근.",true
2001133,"붉은수탉 농장에서 재배된 당근.",true
2001134,"붉은수탉 농장에서 재배된 거대한 당근.",true
2001135,"말의 강력함을 표현한 당근.",true
2001136,"아말쟈족의 철창 문 열쇠.",true
2001137,"아말쟈족의 철창 문 열쇠.",true
2001138,"맑고 투명한 물약.",true
2001139,"이크살족의 뼈로 만든 섬뜩한 제기.",true
2001140,"코볼드족의 뼈로 만든 섬뜩한 제기.",true
2001141,"아말쟈족의 뼈로 만든 섬뜩한 제기.",true
2001142,"이크살족의 뼈로 만든 섬뜩한 제기.",true
2001143,"코볼드족의 뼈로 만든 섬뜩한 제기.",true
2001144,"아말쟈족의 뼈로 만든 섬뜩한 제기.",true
2001145,"이크살족의 뼈로 만든 섬뜩한 제기.",true
2001146,"코볼드족의 뼈로 만든 섬뜩한 제기.",true
2001147,"아말쟈족의 뼈로 만든 섬뜩한 제기.",true
2001148,"아말쟈족의 철창 문 열쇠.",true
2001149,"독한 냄새가 나는 깨진 약병.",true
2001150,"미끌미끌하고 끈적끈적한 도롱뇽 기름.",true
2001151,"화염신 이프리트의 성화로 단련한 무기.",true
2001152,"화염신 이프리트의 성화로 단련한 무기.",true
2001153,"나비 비늘에 환술을 걸어 만든 구슬. 변신을 알아볼 수 있다.",true
2001154,"나비 비늘에 환술을 걸어 만든 구슬. 보물상자를 식별해낼 수 있다.",true
2001155,"나비 비늘에 환술을 걸어 만든 구슬. 완벽한 변신을 간파할 수 있다.",true
2001156,"백합 문을 열기 위한 열쇠.",true
2001157,"붉은장미 문을 열기 위한 열쇠.",true
2001158,"프린세스데이 무렵에만 피는 복숭아꽃 묘목.",true
2001159,"복숭아 꽃잎이 가득 든 주머니. 에쉬템에서 선전을 위해 준비했다.",true
2001160,"에드비아 공주 인형과 함께 한 추억이 가득한 복숭아 꽃잎.",true
2001161,"크리스탈이 가득 찬 상자.",true
2001162,"크리스탈이 가득 찬 큰 상자.",true
2001163,"거대호박의 아종인 유령호박이 가득 들어있는 자루.",true
2001164,"불을 끄는 데 사용하는 재.",true
2001165,"마력이 빠져나간 평범한 인형.",true
2001166,"미지의 골렘으로부터 떨어진 파편.",true
2001167,"식충식물 큰입풀이 싫어하는 매우 끈적한 수액.",true
2001168,"실프나라보초나무에서 자란 도토리.",true
2001169,"실프 영지 깊은 곳에서 샘솟는 특별한 물.",true
2001170,"아말쟈족의 철창 문 열쇠.",true
2001171,"아말쟈족의 철창 문 열쇠.",true
2001172,"우씨족 미코테들이 조상 대대로 물려받아 사용하는 사냥 도구.",true
2001173,"우씨족 미코테들이 조상 대대로 물려받아 사용하는 사냥 도구.",true
2001174,"우씨족 미코테들이 조상 대대로 물려받아 사용하는 사냥 도구.",true
2001175,"나비 비늘에 환술을 걸어 만든 폭발물.",true
2001176,"차갑고 맑은 검은장막 숲의 샘물.",true
2001177,"말썽쟁이 실프가 의식에 사용하는 제사 도구.",true
2001178,"큰입풀이 싫어하는 액체. 입이 벌어진다.",true
2001179,"무엇이든 녹여버리는 소화액. 냄새가 제법 심하다.",true
2001180,"차갑고 맑은 검은장막 숲의 샘물.",true
2001181,"차갑고 맑은 검은장막 숲의 샘물.",true
2001182,"실프 영지 깊은 곳에서 샘솟는 특별한 물.",true
2001183,"무엇이든 녹여버리는 소화액. 냄새가 아주 심하다.",true
2001184,"달이 아름다운 밤에 꽃을 피우는 들풀.",true
2001185,"실프족이 태어나는 씨앗. 요람나무라는 특수한 식물의 열매 안에서 키워야만 한다.",true
2001186,"다 자란 요람나무 열매. 안에는 실프족 아기가 잠들어있다.",true
2001187,"가루로 만든 젖뿌리를 넣은 폭탄. 실프족에게 사용하면 취한다.",true
2001188,"호박 속을 파내어 만든 비늘가루 폭탄.",true
2001189,"잠긴 문을 열기 위한 열쇠.",true
2001190,"불을 끄는 데 사용하는 재.",true
2001191,"신도를 원래 상태로 되돌리기 위해 만든 마법의 재.",true
2001192,"도마뱀을 마비시키는 성분이 함유된 풀의 즙.",true
2001193,"물이 가득 찬 무거운 병.",true
2001194,"불꽃송곳니회로부터 빼앗은 전리품.",true
2001195,"도마뱀이 불꽃 숨결을 뿜기 위한 기관.",true
2001196,"물이 가득 찬 무거운 병.",true
2001197,"",true
2001198,"",true
2001199,"",true
2001200,"호박금이 함유된 질 좋은 광석.",true
2001201,"가스로 이루어진 생명체인 봄의 핵.",true
2001202,"주문한 물소 젖을 저녁별 만으로 보내달라고 의뢰하는 서류.",true
2001203,"주문한 검은장막 사과를 저녁별 만으로 보내달라고 의뢰하는 서류.",true
2001204,"구리칼날단 위병에게 빼앗겼던 화물.",true
2001205,"구리칼날단 위병에게 빼앗겼던 마부의 약혼반지.",true
2001206,"낡고 커다란 상자.",true
2001207,"검게 칠한 금속판.",true
2001208,"복숭아 향기가 나는 향수.",true
2001209,"향수를 뿌린 스카프. 복숭아꽃 향기가 난다.",true
2001210,"포도주 항구에서 들여온, 양조기술자 샤마니 로마니가 만든 포도주.",true
2001211,"포도주로 조린 채소와 모르도나산 큰도롱뇽 고기 그라탱.",true
2001212,"코브라를 유인하는 썩은 내 나는 고기.",true
2001213,"흑와단에서 사용하는 투척식 군용 폭탄.",true
2001214,"부상당한 장병들이 사용하기 위한 군용 약품.",true
2001215,"흑와단 장병의 끔찍한 시체.",true
2001216,"멜위브 제독이 쓴 소개장.",true
2001217,"코볼드족이 만든 골렘의 영혼석.",true
2001218,"다 자란 도브란의 딱딱한 갑각.",true
2001219,"다날란에서는 보기 드문 알디크 라벤더 꽃.",true
2001220,"산산이 부서진 항아리 파편.",true
2001221,"고드베르트가 복원한 항아리. 옛 모습을 찾아볼 수 없다.",true
2001222,"코볼드족이 채굴할 때 사용하는 소형 폭탄.",true
2001223,"알렉산드라이트가 매장된 장소를 표시한 보물 지도.<br>[레벨 50 권장].",true
2001226,"철제 화로에 불을 붙이기 위한 불씨.",true
2001227,"고온 상태의 그레네이드 팔.",true
2001228,"과열된 가스 생명체 봄의 팔.",true
2001229,"어린 도브란의 갑각.",true
2001230,"바 고가 개발한 매우 큰 소리가 나는 폭죽.",true
2001231,"배양된 지 얼마 되지 않아 빛이 나는 봄의 팔.",true
2001232,"일반적인 곡괭이보다 작고 찌그러진 형태의 채굴용 곡괭이.",true
2001233,"순도가 낮아 거의 무가치한 철 광석.",true
2001234,"바 고가 만들어낸 유도 폭탄형 봄.",true
2001235,"신형 연금솥과 비슷한 도안이 그려진 설계도.",true
2001236,"비 비가 기 그에게 쓴 편지.",true
2001237,"바 고가 만들어낸 흡착식 폭탄 봄.",true
2001238,"로웨나에게 보내는 가방. 사랑이 담겨있다.",true
2001239,"로웨나에게 쓴 편지. 영원한 사랑이 담겨있다.",true
2001240,"나나라이에게 보내는 상품이 든 묵직한 포대.",true
2001241,"나나라이에게 보내는 상품이 든 매우 가벼운 포대.",true
2001242,"어부 나나라이가 맡긴 흙과 씨앗 대금.",true
2001243,"제13땅굴단의 은항아리에 들어있던 꾸러미.",true
2001244,"폐기된 가스 생명체 봄의 팔.",true
2001245,"가스 생물 슈라프넬의 핵.",true
2001246,"황록색으로 빛나는 유황 결정.",true
2001247,"순도가 낮아 거의 무가치한 철 광석.",true
2001248,"야영지에 남아있던 썩어가는 채소.",true
2001249,"베아탱이 나무로 만든 장난감.",true
2001250,"도도잔에게 지불할 맥주 대금.",true
2001251,"명문 땅굴단에 지급되는 도시락. 무언가가 꿈틀대고 있다…….",true
2001252,"농부가 죽기 직전에 맡긴 작은 주머니.",true
2001253,"미코테풍으로 조리한 어린 랍토르 통구이.",true
2001254,"사하긴족이 포로에게 채운 수갑을 푸는 열쇠.",true
2001255,"내용물이 거의 남지 않은 기름 단지.",true
2001256,"바 고가 개발한 큰 소리가 나는 폭죽.",true
2001257,"스마트 봄을 유도하기 위한 불씨.",true
2001258,"바 고가 개발한 유도 폭탄형 봄.",true
2001259,"유도 폭탄형 봄의 핵.",true
2001260,"스마트 봄을 유도하기 위한 불씨.",true
2001261,"바 고가 개발한 유도 폭탄형 봄.",true
2001262,"유도 폭탄형 봄의 핵.",true
2001263,"불을 붙일 때 사용하는 부싯돌.",true
2001264,"따개비 입에 쑤셔넣어 독안개 분출을 막기 위한 무럼해파리.",true
2001265,"조개비 입에 쑤셔넣어 마비안개 분출을 막기 위한 마개.",true
2001266,"가스로 이루어진 생물인 그레네이드의 엄지손가락.",true
2001267,"신선한 푸길 고기.",true
2001268,"싹둑게의 단단하고 가벼운 껍데기.",true
2001269,"흰 파도 비슷한 색을 띤 하얀 조개.",true
2001270,"사용하기 편한 크기로 쪼갠 부싯돌.",true
2001271,"뿌연 흰색을 띤 산성 용해액.",true
2001272,"아홀로틀의 쫄깃한 꼬리고기.",true
2001273,"사용하기 편한 크기로 쪼갠 부싯돌.",true
2001274,"스마트 봄을 유도하기 위한 불씨.",true
2001275,"바 고가 개발한 유도 폭탄형 봄.",true
2001276,"유도 폭탄형 봄의 핵.",true
2001277,"거대한 부채조개의 관자.",true
2001278,"스마트 봄을 유도하기 위한 불씨.",true
2001279,"바 고가 개발한 유도 폭탄형 봄.",true
2001280,"유도 폭탄형 봄의 핵.",true
2001281,"곱게 간 문둥어 살에 재워 부드럽게 만든 아홀로틀의 꼬리고기.",true
2001282,"제13땅굴단의 금항아리를 여는 열쇠.",true
2001283,"꿈틀꿈틀 움직이는 금색 물체.",true
2001284,"흡착형 시한폭탄 봄의 핵.",true
2001285,"흡착형 시한폭탄 봄의 핵.",true
2001286,"바 고가 개발한 신형 흡착식 시한폭탄 봄.",true
2001287,"가스로 이루어진 생물인 신형 흡착식 봄의 핵.",true
2001288,"부상당한 생존자에게 사용하기 위한 군용 약품.",true
2001289,"상어 이빨로 만든 사하긴족 특유의 목걸이.",true
2001290,"노부 일족임을 증명하는 사하긴 문자가 새겨진 조개.",true
2001291,"희귀한 향신료가 든 상자.",true
2001292,"사용하기 편한 크기로 쪼갠 부싯돌.",true
2001293,"질 좋은 라노시아 오렌지가 든 자루.",true
2001294,"재무장관 납치 계획이 적혀있는 종이.",true
2001295,"사하긴족이 포로에게 채운 튼튼한 수갑을 푸는 열쇠.",true
2001296,"림사 로민사 사람들이 자식에게 주는 부적.",true
2001297,"누군가가 물에 빠진 돌고래 주점에 두고 간 물건.",true
2001298,"고대의 영웅 조디악 브레이브의 활약을 그린 고문서. 화염의 장 제1권.",true
2001299,"고대의 영웅 조디악 브레이브의 활약을 그린 고문서. 화염의 장 제2권.",true
2001300,"고대의 영웅 조디악 브레이브의 활약을 그린 고문서. 폭염의 장 제1권.",true
2001301,"고대의 영웅 조디악 브레이브의 활약을 그린 고문서. 격류의 장 제1권.",true
2001302,"고대의 영웅 조디악 브레이브의 활약을 그린 고문서. 격류의 장 제2권.",true
2001303,"고대의 영웅 조디악 브레이브의 활약을 그린 고문서. 폭우의 장 제1권.",true
2001304,"고대의 영웅 조디악 브레이브의 활약을 그린 고문서. 질풍의 장 제1권.",true
2001305,"고대의 영웅 조디악 브레이브의 활약을 그린 고문서. 질풍의 장 제2권.",true
2001306,"고대의 영웅 조디악 브레이브의 활약을 그린 고문서. 대지의 장 제1권.",true
2001307,"탐험가 와인버드가 기록한 여행기. 알 수 없는 말이 휘갈겨 적혀 있다. 기만의 여왕은 아래에서 위로, 공포의 왕은 위에서 아래로. 기만의 왕과 공포의 여왕은 오른팔이 잘린 대신 어릿광대가 오른팔을 얻었다.",true
2001308,"약효가 좋은 향신료를 넣고 따뜻하게 데운 포도주.",true
2001310,"임시 주거지 실프가 준 깨끗한 물.",true
2001311,"말썽쟁이 실프가 만든, 살에 닿으면 따끔따끔한 비늘가루.",true
2001312,"나비 비늘에 환술을 걸어 만든 구슬. 변신을 간파할 수 있다.",true
2001313,"나비 비늘에 환술을 걸어 만든 구슬. 변신을 간파할 수 있다.",true
2001314,"타타루에게 보내는 묵직한 짐.",true
2001315,"선행 통합조직을 위해 만들어진 새로운 제복.",true
2001316,"보이스가 쓴 편지.",true
2001317,"로빈이 맡긴 신선한 라노시아 오렌지.",true
2001318,"납치범이 탄 비공정에서 떨어져나온 듯한 장갑 파편.",true
2001319,"세 종족의 기술을 융합한 비밀 병기. 뭐가 뭔지 알 수 없다.",true
2001320,"배달 착오로 리스플로의 여동생에게 잘못 간 편지.",true
2001321,"칼라인 카페 주인 뮨에게 보내는 편지.",true
2001322,"그리다니아 길거리에 핀 흰엉겅퀴 꽃.",true
2001323,"지저분한 글씨로 바데론에게 쓴 편지.",true
2001324,"얼음 샤드로 차갑게 식힌 물.",true
2001325,"낡은 100길짜리 금화가 든 가죽주머니.",true
2001326,"모래늪 주인 모모디에게 보내는 편지.",true
2001327,"왠지 비린내가 나는 소포.",true
2001328,"사용하기 편한 크기로 쪼갠 부싯돌.",true
2001329,"잡초 다발이 든 가죽주머니.",true
2001330,"아직 눈이 뜨이지 않은 아기 두더지.",true
2001331,"브레야에게 보내는 묵직한 소포.",true
2001332,"무용가 기요노가 게게루주에게 쓴 편지.",true
2001333,"무용 지도를 의뢰한 계약서.",true
2001334,"마무쟈족의 제사 도구로 뜬 온천물.",true
2001335,"실프족 상인이 훈베르크트에게 보내는 소포.",true
2001336,"고급스러운 재질로 만든 드레스.",true
2001337,"",true
2001338,"주 격납고 문을 열기 위한 열쇠.",true
2001339,"제국력 49년식 마도 집속기.",true
2001340,"제국력 50년식 마도 발진기.",true
2001341,"제국력 51년식 마도포 포신.",true
2001343,"코스타 델 솔에서 빼앗긴 짐.",true
2001344,"흔히 볼 수 있는 평범하고 소박한 의복.",true
2001345,"고급 원단으로 만든 기품 있는 드레스.",true
2001346,"풍경화가 여럿 담긴 수첩.",true
2001349,"해적왕 안개 수염의 무거운 금고. 자물쇠로 잠겨있다.",true
2001350,"쓰러진 모험가의 유류품. 돈이 될 만한 물건이 들었을지도 모른다.",true
2001351,"병에 든 오래된 지도. 기묘한 도형으로 기록되어 있다.",true
2001352,"숨겨진 보물이 있는 장소를 기록한 듯한 지도.<br>[레벨 50 / 평균 아이템 레벨 70 권장].",true
2001353,"뒷면에 열두 신의 각인이 새겨진 반지.",true
2001354,"파파리모가 준 묵직한 가죽주머니.",true
2001355,"대륙기예단이 저택에 설치하려는 섬뜩한 분위기의 촛대.",true
2001356,"호박 모양을 본떠 만든 예쁜 초롱.",true
2001359,"근동 원산의 가늘고 긴 붉은색 채소. 초코보 사료로 알려져 있다.",true
2001360,"초코보가 먹다 남긴 사료.",true
2001361,"토벌할 마물에 대한 정보와 보수가 적힌 수배서.",true
2001362,"토벌할 정예 마물에 대한 정보와 보수가 적힌 수배서.",true
2001363,"불시착한 장갑기구에서 얻은 망가진 부품.",true
2001364,"세즐 토톨록이 구해달라고 한 선체 부재의 재료.",true
2001365,"데즐 쿠알란호의 청린기관에 사용할 부재의 재료.",true
2001366,"콜슨이 재료비를 지불하기로 약속한 확인서.",true
2001367,"타타라무가 콜슨에게 보낸 편지.",true
2001368,"에카틀 실험장의 선반에 쓸 정교한 톱니바퀴.",true
2001369,"데즐 쿠알란호의 조타 장치에 쓸 재료 묶음.",true
2001370,"템플턴이 장난을 친 술병. 연금술사 길드의 특제 수면제 함유.",true
2001371,"데즐 쿠알란호를 완성하기 위한 중요 부재의 재료.",true
2001372,"이크살족 깃털 장식을 만들기 위한 재료.",true
2001373,"공기주머니 부재를 만들기 위한 재료 묶음.",true
2001374,"도둑 원숭이를 유인하기 위한 문투이 콩.",true
2001375,"물리친 도둑 원숭이의 발톱.",true
2001376,"공기주머니 보강재를 만들기 위한 재료 묶음.",true
2001377,"귀곡부대 대원을 위해 아메타가 만든 도시락.",true
2001378,"쌀 한 톨도 안 남은 도시락통.",true
2001379,"우현 선체 부재를 만들기 위한 재료 묶음.",true
2001380,"좌현 선체 부재를 만들기 위한 재료 묶음.",true
2001381,"동력바퀴 부재를 만들기 위한 재료 묶음.",true
2001382,"밧줄을 만들기 위한 재료 묶음.",true
2001383,"갑판 부재를 만들기 위한 재료 묶음.",true
2001384,"단단한 골렘의 표면을 녹이는 연금약.",true
2001385,"기관 외장 부재를 만들기 위한 재료 묶음.",true
2001386,"가공 도구를 만들기 위한 재료 묶음.",true
2001387,"오른쪽 날개 부재를 만들기 위한 재료 묶음.",true
2001388,"목재로 쓰기 좋은 굵은 떡갈나무 가지.",true
2001389,"목재로 쓰기 좋은 곧은 떡갈나무 원목.",true
2001390,"왼쪽 날개 부재를 만들기 위한 재료 묶음.",true
2001391,"작고 적당한 크기의 화강암.",true
2001392,"커다랗고 무게감 있는 화강암.",true
2001393,"오른쪽 날개 가동 부재를 만들기 위한 재료 묶음.",true
2001394,"왼쪽 날개 가동 부재를 만들기 위한 재료 묶음.",true
2001395,"전달계 부재를 만들기 위한 재료 묶음.",true
2001396,"요마 둘라한이 깃들어있던 오래된 갑옷의 장갑 파편.",true
2001397,"조종석 외장재를 만들기 위한 재료 묶음.",true
2001398,"커르다스 지방에서 주로 볼 수 있는 처녀잉어의 근연종.",true
2001399,"조종석 내장재를 만들기 위한 재료 묶음.",true
2001400,"땔감으로 쓸 침엽수 나무토막.",true
2001401,"무게추를 만들기 위한 재료 묶음.",true
2001402,"단열성이 뛰어난 야생악어의 뻣뻣한 털.",true
2001403,"양털을 깎기 위한 칼. 뻣뻣한 털을 깎으면 금세 이가 빠진다.",true
2001404,"계기 부재를 만들기 위한 재료 묶음.",true
2001405,"번개도마뱀의 날카로운 발톱.",true
2001406,"동력원 부재를 만들기 위한 재료 묶음.",true
2001407,"운항 시간표를 받았음을 확인하는 조시아의 서명.",true
2001408,"하이윈드 비공사의 운항 일정을 기록한 자료.",true
2001409,"통신계 부재를 만들기 위한 재료 묶음.",true
2001410,"엉킨덩굴 습지대에서 주로 볼 수 있는 흙탕짱뚱어의 근연종.",true
2001411,"조명 부재를 만들기 위한 재료 묶음.",true
2001412,"덩굴수목의 단단한 나뭇가지.",true
2001413,"덩굴수목의 무거운 원목.",true
2001414,"배기계 부재를 만들기 위한 재료 묶음.",true
2001415,"순도 높은 물 샤드.",true
2001416,"순도 높은 물 클러스터.",true
2001417,"긴급 폐기 부재를 만들기 위한 재료 묶음.",true
2001418,"몰볼의 튼튼한 넝쿨.",true
2001419,"청린 탱크 부재.",true
2001420,"제국군 방어구에 쓰이는 강화 섬유.",true
2001421,"조종기구 부재를 만들기 위한 재료 묶음.",true
2001422,"차가운 물에 살아서 살이 쫄깃한 아발라시아 빙어.",true
2001423,"긴급 탈출 도구를 만들기 위한 재료 묶음.",true
2001424,"붉은 빛을 띤 가문비나무의 나뭇가지.",true
2001425,"붉은 빛을 띤 가문비나무의 원목.",true
2001426,"전쟁강철을 제련하기 위해 필요한 광석.",true
2001427,"전쟁강철을 제련하기 위해 필요한 광석.",true
2001428,"재료 대금이 든 묵직한 가죽주머니.",true
2001429,"진동방지 부재를 만들기 위한 재료 묶음.",true
2001430,"에테르 전도율을 높이는 반령 물질.",true
2001431,"보조 동력원 부재를 만들기 위한 재료 묶음.",true
2001432,"장식 부재를 만들기 위한 재료 묶음.",true
2001433,"동방의 용사가 축제 때 착용하는 머리띠 모양의 방어구.",true
2001434,"경량화 부재를 만들기 위한 재료 묶음.",true
2001435,"예비 탱크 부재를 만들기 위한 재료 묶음.",true
2001436,"태양을 상징하는 붉은 옥. 무언가 마법이 깃들어있는 듯하다.",true
2001437,"달을 상징하는 푸른 옥. 무언가 마법이 깃들어있는 듯하다.",true
2001438,"별을 상징하는 노란 옥. 무언가 마법이 깃들어있는 듯하다.",true
2001439,"바람 속성을 땅 속성으로 바꾸는 편속성 크리스탈 조각.",true
2001440,"아 룬 센나가 라야 오 센나에게 쓴 편지.",true
2001441,"선배 배달부 모그리를 불러내기 위한 가짜 편지.",true
2001442,"흑와단 붉은 제비 상륙부대 소속 스위그레일 중사에게 보내는 편지.",true
2001443,"울다하 상인 로로자루가 와와라고에게 보내는 편지.",true
2001444,"와와라고가 거래 장소를 표시한 편지.",true
2001445,"물 흐르듯 아름다운 필체로 쓰인 장들렌에게 보내는 편지.",true
2001446,"로로자루가 가진 마지막 자산이 들어있는 상자.",true
2001447,"얼음외투 대빙벽에서 얻은 작은 열쇠.",true
2001448,"얼음외투 대빙벽에서 얻은 이단자의 열쇠.",true
2001449,"편지치고는 묵직한 봉투.",true
2001450,"마우 리제가 우라 리제에게 쓴 편지.",true
2001451,"처참하게 노후화된 요시미츠.",true
2001452,"도름 키마이라의 몸속에 축적된 알루미나 입자.",true
2001453,"제5성력 시대의 유물. 일부 수집가들에게 매우 인기가 있다.",true
2001454,"전설적인 닌자 사스케의 반생을 기록한 사본.",true
2001455,"맹렬히 타오르는 화염신 이프리트의 불꽃.",true
2001456,"거세게 몰아치는 바람신 가루다의 바람.",true
2001457,"지독하게 무거운 바위신 타이탄의 황토.",true
2001458,"검투사 프란츠 앞으로 온 100통은 족히 넘을 듯한 팬레터 뭉치.",true
2001459,"검투사 프란츠가 나오는 검투 시합의 포스터.",true
2001460,"검투사 프란츠가 나오는 검투 시합의 전단.",true
2001462,"낡고 지저분한 포도주병.",true
2001463,"로웨나 기념회관에서 훔친 오래된 마도서.",true
2001464,"영원의 서약 예식 때 울리는 종<br>[사용하면 예식이 다음 단계로 진행됩니다].",true
2001465,"울다하 상인이 호문쿨루스에게 쓴 편지.",true
2001466,"검은토끼 무역상사의 거래 내용이 적힌 납품서.",true
2001467,"바에르트 상회와 거래했다는 것을 증명하는 어음.",true
2001468,"리슈슈가 호문쿨루스와 전속 계약을 맺은 서류의 사본.",true
2001469,"리슈슈가 조사한 그리다니아의 물류 정보를 기록한 서류의 사본.",true
2001470,"이단자가 가진 양피지. 문자와 숫자가 나열되어 있다.",true
2001471,"이단자가 가지고 있던 서찰.",true
2001472,"방랑자의 궁전에서 얻은 작은 열쇠.",true
2001473,"비석을 순례하여 열두 신의 축복을 받은 반지.",true
2001478,"깜찍한 디자인의 귀걸이.",true
2001479,"우라 리제가 마우 리제에게 쓴 편지.",true
2001480,"선배 배달부 모그리가 맡긴 보내는 사람 이름이 없는 편지.",true
2001481,"범죄 조직 '자줏빛 안개'의 요구가 적힌 협박장.",true
2001482,"와이먼드가 천칭은행에서 빚을 내어 조달한 고액 어음.",true
2001483,"진트고트와 청린수를 선물 거래했음을 증명하는 어음.",true
2001484,"레이먼드의 아내가 맡긴 한 송이 붉은 꽃.",true
2001485,"0반 일동이 람베르탕에게 보낸 편지.",true
2001486,"람베르탕이 지은 '속성 전이 개론'의 총 4권짜리 원본 한 질.",true
2001487,"람베르탕이 연구회를 대비해서 마련한 아름다운 화분.",true
2001488,"에테르 전도율이 낮은 옹기 항아리.",true
2001489,"편속성 크리스탈을 캐기 위한 망치.",true
2001490,"편속성 크리스탈을 담은 절령체 항아리.",true
2001491,"보내는 사람을 알 수 없는 드레스트에게 보내는 편지.",true
2001492,"드레스트의 전 재산이 들어있는 가죽주머니.",true
2001493,"블레지가 작성한 100장이 넘는 조사 자료.",true
2001494,"아르숌바댕을 규탄하는 내용을 휘갈겨 쓴 괴문서.",true
2001495,"신학원 서가에서 사라진 정교법 대전 11권.",true
2001497,"수호천절 축제에 빼놓을 수 없는 호박 초롱.",true
2001498,"암거래상에게서 압수한 나무상자. 무기가 몇 개 들어있는 듯하다.",true
2001499,"흰양사단 미아 몰코트 사단장에게 보내는 서신.",true
2001500,"아버지 히히바루가 딸 히히라에게 쓴 편지.",true
2001501,"건조지대에서 자라는 식물인 날달살갈퀴의 뿌리.",true
2001502,"히히라의 어머니가 남긴 목걸이.",true
2001503,"피브라스가 안셀름에게 보내는 결투장.",true
2001504,"구리칼날단이 조사에 협조해달라며 코코부키에게 쓴 편지.",true
2001505,"주술사 길드가 소장한 서적 목록.",true
2001506,"브루게이르 상회의 방고 장고에게 반송하기 위한 편지.",true
2001507,"제국력 43년식 점화장치.",true
2001508,"검투 재단에서 나온 폐기물이 담긴 상자.",true
2001509,"형언하기 어려운 이상한 냄새가 나는 자루.",true
2001510,"정보료가 든 묵직한 가죽주머니.",true
2001511,"대륙기예단이 주최하는 가장행렬에 관한 전단.",true
2001512,"（仮）古代図書館で手に入れた魔道書",true
2001513,"에델바이스 상회로 보내는 짐.",true
2001514,"갖은 목초를 특별히 섞은 영양만점 사료.",true
2001515,"소대장의 아내가 두고 간 물건. 무척 소중히 쓰고 있는 듯하다.",true
2001516,"아주 길고 화려한 꽁지 깃털.",true
2001517,"아이들이 별의 신 니메이아에게 쓴 카드.",true
2001518,"익명의 부자가 기부한 돈으로 마련한 별빛축제용 선물 꾸러미.",true
2001519,"별의 선물 속에 섞여 들어온 별의 신 카드.",true
2001520,"삼림도시 '그리다니아'의 아이들이 별의 신 니메이아에게 쓴 카드.",true
2001521,"익명의 부자가 기부한 돈으로 마련한 별빛축제용 선물 꾸러미.",true
2001522,"해양도시 '림사 로민사'의 아이들이 별의 신 니메이아에게 쓴 카드.",true
2001523,"익명의 부자가 기부한 돈으로 마련한 별빛축제용 선물 꾸러미.",true
2001524,"사막도시 '울다하'의 아이들이 별의 신 니메이아에게 쓴 카드.",true
2001525,"익명의 부자가 기부한 돈으로 마련한 별빛축제용 선물 꾸러미.",true
2001526,"대담하면서도 섬세하게 디자인된 팔찌.",true
2001527,"별의 선물 속에 섞여 들어온 별의 신 카드.",true
2001528,"바트라알의 날카로운 뿔. 일부 수집가들에게 매우 인기가 있다.",true
2001529,"VI호 고블린탱크의 장갑판. 일부 수집가에게 매우 인기가 있다.",true
2001530,"나라심하의 질긴 피막. 일부 수집가에게 매우 인기가 있다.",true
2001531,"펜리르의 차가운 이빨. 일부 수집가에게 매우 인기가 있다.",true
2001532,"금빛 골짜기에서 나는 음침하게 빛나는 광석.",true
2001533,"이계 보이드에서 건너왔다는 꺼림칙한 천.",true
2001534,"암다포르 문명에서 쓰이던 마력이 깃든 종이.",true
2001535,"사하긴족이 지배하는 창망의 바다에서 나는 진주.",true
2001536,"톤베리 왕의 피. 저주가 깃들어있다.",true
2001537,"복수의 화신 우라노스의 피. 거대한 생명력의 원천인 듯하다.",true
2001538,"크라켄의 피. 꺼림칙한 빛깔을 띠고 있다.",true
2001539,"아제마의 대리인에게서 채취한 고대왕의 피. 석상을 움직이는 마력의 원천인 듯하다.",true
2001540,"옛 암다포르 성에서 발견된 보물.",true
2001541,"시리우스 대등대에서 발견된 보물.",true
2001542,"탐타라 묘소(어려움)에서 발견된 보물.",true
2001543,"돌방패 경계초소(어려움)에서 발견된 보물.",true
2001544,"배달부가 알아두면 좋은 내용을 선배 배달부 모그리가 적어둔 편지.",true
2001545,"연금약을 담을 때 쓸 법한 지저분한 유리병.",true
2001546,"이다가 맡긴 꽃 구입비가 든 주머니.",true
2001547,"달의 신 메느피나의 이름을 딴 하얀색 꽃.",true
2001548,"폭발물이 설치된 듯한 수상한 물건.",true
2001549,"강한 힘이 느껴지는 동방의 마술 피리.",true
2001550,"보내는 사람이 적혀있지 않은, 랑드넬에게 보내는 편지.",true
2001551,"손씨 왕조 시대에 묻힌 보물의 위치가 기록된 듯한 고지도.<br>[레벨 40 권장].",true
2001552,"대마도사 노아의 몽환술로 간접체험한 '고대인의 미궁'의 기억이 봉인된 보주.",true
2001553,"대마도사 노아의 몽환술로 간접체험한 '시르쿠스 탑'의 기억이 봉인된 보주.",true
2001554,"대마도사 노아의 몽환술로 간접체험한 '어둠의 세계'의 기억이 봉인된 보주.",true
2001555,"하이윈드 비공사의 골드 소서행 비공정 특별 탑승권.",true
2001556,"향나무를 깎아 만든 부적. 발렌티온데이 선물로 쓰인다.",true
2001557,"자그마한 토파즈 원석이 든 봉투. 발렌티온데이 선물로 쓰인다.",true
2001558,"박하가 든 수제 초콜릿. 발렌티온데이 선물로 쓰인다.",true
2001559,"망령이 입는 옷으로 여겨지는 정체불명의 물질.",true
2001560,"한없이 순수한 물에 가까운 증류수.",true
2001561,"잘잔만의 비법으로 만든 증류주. 맛과 향이 뛰어나다.",true
2001562,"장식용 달걀에 들어있던 경품 교환용 카드.",true
2001563,"장식용 달걀에 들어있던 경품 교환용 희귀 카드.",true
2001564,"나비 비늘에 환술을 걸어 만든 구슬. 자욱한 연기로 눈을 속일 수 있다.",true
2001565,"나비 비늘에 환술을 걸어 만든 구슬. 변신을 간파할 수 있다.",true
2001566,"변장용 가면의 환영을 없애는 특수한 분말.",true
2001567,"보안을 해제하는 데 사용하는 제국군의 인증 열쇠.",true
2001568,"하늘섬의 씨앗이 깃들었다는 달걀 형태의 결정.",true
2001569,"개폐장치에서 떨어져 나온 듯한 강철 레버.",true
2001570,"어스름 요새 기병 막사의 열쇠.",true
2001571,"어스름 요새 작전회의실의 열쇠.",true
2001572,"마물로부터 깎아낸 뻣뻣한 털. 칙칙한 빛깔을 띤다.",true
2001573,"이조도르가 놓고 간 보따리. 커르다스의 차가운 바람에 식어가고 있다.",true
2001574,"강한 물속성의 힘을 띤 크리스탈. 물이 솟아나고 있다.",true
2001575,"마토야가 에테르 집속기에 관해 쓴 논문. 알아볼 수 없는 문자로 적혀있다.",true
2001578,"이단자들이 남긴 서찰. 연락 기록인 듯하다.",true
2001579,"어린 닝키낭카의 부드러운 고기.",true
2001580,"어린 닝키낭카의 부드러운 고기.",true
2001581,"꽃잎이 구름처럼 하얀 꽃.",true
2001582,"☓未使用",true
2001583,"물감이 칠해진 둥근 돌. 너무 전위적이라 이해하기 힘들다.",true
2001584,"굵고 뻣뻣한 털로 뒤덮인 야크 털가죽.",true
2001585,"방랑자의 궁전을 봉인하고 있던 봉인마법의 쐐기돌.",true
2001586,"방랑자의 궁전을 봉인하고 있던 봉인마법의 큰쐐기돌.",true
2001587,"안에 아무것도 들어있지 않은 항아리.",true
2001588,"요마 연구자가 가지고 있던 것으로 보이는 짐.",true
2001589,"옛 영웅 '미스릴 심장'의 이름이 새겨진 투박한 전투도끼.",true
2001590,"강을 거슬러 올라와 산란을 마친 후 죽은 연어.",true
2001591,"저지 드라바니아에서 뜯은 신선한 향초.",true
2001592,"하이리사에게 가져다줄 포도주. 향초를 넣어 따뜻하게 데웠다.",true
2001593,"제랄디외에게 가져다줄 포도주. 향초를 넣어 따뜻하게 데웠다.",true
2001594,"산악영양의 질긴 다리살.",true
2001595,"잉거릿의 할아버지인 헤밍의 보따리.",true
2001596,"기병이 가족에게 받은 부적의 조각.",true
2001597,"쫀쫀한 가스토르니스 다리살.",true
2001598,"종군 요리사가 만든 도시락. 갓 만들어 따뜻하다.",true
2001599,"흠집 하나 없는 게일리캣의 비막.",true
2001600,"노파가 맡긴 니메이아 백합.",true
2001601,"바누바누족이 훔쳐간 장미 기병단의 무기.",true
2001602,"굵고 뻣뻣한 털로 뒤덮인 야크 털가죽.",true
2001603,"장텔로가 맡긴 빈 포도주병.",true
2001604,"상처 치료에 좋다는 숨은 온천욕장의 온천수.",true
2001605,"군용 초코보의 몸에서 빠진 노란색 깃털.",true
2001606,"벌벌 떨고 있는 짐승. 도저히 고양이로는 보이지 않는다.",true
2001607,"희미한 빛을 내는 기묘한 버섯.",true
2001608,"가로등버섯 포자가 잔뜩 묻은 기살의 야채.",true
2001609,"독특한 향기가 나는 노랗고 탁한 액체.",true
2001610,"나무로 만든 수렵용 활.",true
2001611,"물컹물컹한 낭카 알.",true
2001612,"다 익어 땅에 떨어진 칠천수 열매.",true
2001613,"피가 뚝뚝 떨어지는 신선한 큰뿔산양 생고기.",true
2001614,"그나스족이 제조한 기묘한 형태의 권총.",true
2001615,"고지 드라바니아 일부 지역에서 산출되는 점토.",true
2001616,"독특한 향기가 나는 향초.",true
2001617,"",true
2001620,"무언가 노란 물질이 묻어있는 돌.",true
2001621,"수레에 실려있던 짐.",true
2001622,"화약이 가득 들어있는 주머니.",true
2001623,"단단한 미아시드 고기.",true
2001624,"까끌까끌한 갈리미무스 알.",true
2001625,"큼직한 야생 초코보 다리살.",true
2001626,"기름에 바삭하게 튀긴 초코보 다리살.",true
2001627,"뻣뻣한 히포세르프 생가죽.",true
2001628,"날쌘돌이가 맡긴 부싯돌.",true
2001629,"고지 드라바니아에 피는 꽃. 달콤한 향기가 난다.",true
2001630,"콤 쿠르의 몸에서 벗겨낸, 마력이 담긴 용비늘.",true
2001631,"상크친니의 튼튼한 넝쿨.",true
2001632,"꽃잎이 나팔처럼 생긴 아름다운 꽃.",true
2001633,"자질구레한 물건이 잔뜩 들어있는 바구니.",true
2001634,"검고 포슬포슬한 질 좋은 흑토.",true
2001635,"근사한 쿠뽀 열매.",true
2001636,"고대인이 만든 장비.",true
2001637,"우스티엔의 갑옷에서 떨어져 나온 파편.",true
2001638,"기묘한 문자열이 적힌 쪽지.",true
2001639,"모그리족이 씹으면 힘이 무럭무럭 솟는다는 약초.",true
2001640,"텅 빈 옹기 물병.",true
2001641,"깨끗한 물이 가득 찬 무거운 물병.",true
2001642,"모그린 님이 직접 디자인하신 궁극의 단검.",true
2001643,"만지면 찌릿한 안개 번개도마뱀의 비늘.",true
2001644,"고대에 만들어진 듯한 금속제 물건의 일부.",true
2001645,"이제 막 싹이 튼 따끈따끈풀 모종.",true
2001646,"모그손이 두고 간 묵직한 바구니.",true
2001647,"울퉁불퉁한 멜리아 가지.",true
2001648,"까끌까끌한 안개도마뱀 꼬리.",true
2001649,"석회암 골렘으로부터 채취한 영혼석.",true
2001650,"싹이 나버린 북실북실풀 묘목.",true
2001651,"둥실둥실 떠다니는 신기한 풀.",true
2001652,"모그리가 수집하던 고대의 도구.",true
2001653,"모그리가 떨어뜨렸다는 아름다운 반지.",true
2001654,"조브란의 차가운 갑각.",true
2001655,"묵직한 큰뿔들소 붉은살.",true
2001656,"부드럽고 희미한 온기가 있는 흑토.",true
2001657,"",true
2001658,"단단하고 커다란 가스토르니스 알.",true
2001659,"드라바니아 구름바다의 환경 에테르를 기록한 계측기.",true
2001660,"정찰대 용기사가 빼앗긴 보고서.",true
2001661,"드라바니아 구름바다의 환경 에테르를 기록한 계측기.",true
2001662,"에테르 계측기가 담긴 화물상자.",true
2001663,"사룡의 서식지를 관측한 기록.",true
2001664,"한랭지에 강하며 풋거름으로도 쓸 수 있는 콩과 식물.",true
2001665,"원예가 길드에서 재배된 기살의 야채.",true
2001666,"마르티노가 두 종류의 채소를 비교한 결과를 적은 편지.",true
2001667,"푸푸차가 루아틀루앙에게 쓴 소개장.",true
2001668,"껍질을 벗긴 탱글탱글한 와무라 유충.",true
2001669,"엔디미온의 날카로운 갈고리 발톱.",true
2001670,"아발라시아 구름바다에 자생하는 식충식물.",true
2001671,"준두족이 분두족에게 바치는 공물.",true
2001672,"준두족에게 채운 족쇄를 푸는 열쇠.",true
2001673,"마비를 푸는 효능이 있다는 신비한 약.",true
2001674,"맛있어 보이는 초코보 다리살.",true
2001675,"피가 뚝뚝 떨어지는 밴더스내치 생고기.",true
2001676,"카르발랭에게 줄 정보료가 들어있는 자루.",true
2001677,"카르발랭이 맡긴 선물. 양조기술자 샤마니 로마니가 만든 고급 포도주.",true
2001678,"파닥파닥 모그리가 떨어뜨린 쿠뽀 열매.",true
2001679,"철새가 떠난 후 남은 둥지.",true
2001680,"사룡의 부하 드래곤으로부터 빼앗은 용의 알.",true
2001681,"오래 사용된 창. 촉이 망가져 있다.",true
2001682,"전쟁신 광석으로 만든 창촉.",true
2001683,"괴조 안즈의 커다란 둥지.",true
2001684,"낡은 갑주의 일부인 듯한 쇠붙이.",true
2001685,"회수한 무기를 비롯한 유품.",true
2001686,"뿔의 아이 '라야 오 센나'가 협력을 요청하는 밀서.",true
2001687,"알라카의 실험으로 생성된 물질.",true
2001688,"알라카의 실험으로 생성된 물질.",true
2001689,"갑주제작사 길드의 하난자와 블란슈티르가 공동으로 준비한 방어구 세트.",true
2001690,"맛있게 잘 익은 듯한 열매.",true
2001691,"혹등들소의 섬뜩한 마안.",true
2001692,"드라이독스의 잡동사니 주머니.",true
2001693,"탱글탱글한 나르브루이 떡잎.",true
2001694,"미끼가 가득 들어 꿈틀거리는 주머니.",true
2001695,"펠트스목스가 맡긴 미끼 대금.",true
2001696,"에테라이트 보수 점검에 필요한 부품.",true
2001697,"온 콜리브리의 아름다운 깃털.",true
2001698,"두터운 태양곰 고기.",true
2001699,"이딜샤이어에서 훔친 물건이 든 상자.",true
2001700,"클랜 센추리오가 발행한, 토벌할 마물에 대한 정보와 보수가 적힌 수배서.",true
2001701,"클랜 센추리오가 발행한, 토벌할 마물에 대한 정보와 보수가 적힌 수배서.",true
2001702,"클랜 센추리오가 발행한, 토벌할 마물에 대한 정보와 보수가 적힌 수배서.",true
2001703,"클랜 센추리오가 발행한, 토벌할 정예 마물에 대한 정보와 보수가 적힌 수배서.",true
2001704,"세베리안이 쓴 감정서가 첨부된 편지.",true
2001705,"수수께끼의 문자열이 적힌 모르도나 지도.",true
2001706,"성 코이나크 재단이 발굴한 고대 알라그 문명의 지팡이.",true
2001707,"실종자로 여겨지는 남자가 가지고 있던 일기.",true
2001708,"에테르의 색을 보이게 만든다는 정체불명의 가루.",true
2001709,"낡고 손상된 제르뱅 가의 보검.",true
2001710,"로리스가 맡긴 이슈가르드 정교의 아름다운 묵주.",true
2001711,"합금으로 만든 갈레말 제국군의 물자함.",true
2001712,"통신을 방해하기 위한 마도 장치.",true
2001713,"애버릴이 자은 무명실 타래.",true
2001714,"선전료가 든 묵직한 가죽주머니.",true
2001715,"오브레나르가 지은 시가 적힌 양피지.",true
2001716,"엘드가 게바에게 보내는 편지.",true
2001717,"가죽공예가 길드의 견본품 묶음.",true
2001718,"엘드가 엘레이스에게 보내는 편지.",true
2001719,"견본용으로 만든 장화.",true
2001720,"손님이 두고 간 낚싯대. 오래 사용된 흔적이 보인다.",true
2001721,"앙솔름이 낚시 애호가에게 선물하는 친분의 증표.",true
2001722,"피에리뱅이 오래된 유행시를 편곡한 악보.",true
2001723,"오보로가 만든 특제 연막탄.",true
2001724,"정보료가 든 묵직한 가죽주머니.",true
2001725,"불면증에 잘 듣는 연기가 나는 향.",true
2001726,"신원 보증서가 첨부된 아달베르타의 편지.",true
2001727,"견본용으로 받은 티타늄 광석.",true
2001728,"특이한 빛이 나는 미지의 광석.",true
2001729,"사례로 받은 금품이 든 묵직한 가죽주머니.",true
2001730,"은 광산에서 드물게 나는 아름다운 광물.",true
2001731,"은갑옷단 근위기사용 머리장식.",true
2001732,"",true
2001733,"은갑옷단 근위기사용 팔보호대.",true
2001734,"매의 보금자리에서 빼앗긴 것으로 보이는 물자.",true
2001735,"하얀 매의 깃털로 만든 부적.",true
2001736,"옛날에 매의 보금자리 주민이 썼던 가재도구.",true
2001737,"술병이 든 상자.",true
2001738,"살짝 악취를 풍기는 술병.",true
2001739,"살짝 악취를 풍기는 술병.",true
2001740,"환자의 병세에 대해 적은 편지.",true
2001741,"시갠에게 받은 작은 불씨.",true
2001742,"시갠에게 받은 향초 다발.",true
2001743,"뱀피가시나무를 먹고 사는 괴조의 피.",true
2001744,"바누바누족이 떨어뜨린 동물 뼈. 무늬처럼 보이는 흠집이 있다.",true
2001745,"바누바누족이 떨어뜨린 동물 뼈. 무늬처럼 보이는 흠집이 있다.",true
2001746,"미끼로 사용한 툴리핸드의 것으로 보이는 비늘.",true
2001747,"미끼로 사용한 워제트의 것으로 보이는 비늘.",true
2001748,"모험가가 쓰러뜨린 드래곤족의 송곳니.",true
2001749,"사슬갑옷의 일부를 비롯한, 유품으로 보이는 물건들.",true
2001750,"모험가가 쓰러뜨린 드래곤족의 송곳니.",true
2001751,"습격 현장에 남아있던 와이번의 넓적다리뼈.",true
2001752,"맑은강 낭카의 탱글탱글한 꼬리고기.",true
2001753,"대형 육식어 쟈길의 고기. 양이 제법 될 것 같다.",true
2001754,"지방질이 풍부한 큰뿔산양 고기. 맛있을 것 같다.",true
2001755,"용 치료 기록이 적힌 석판.",true
2001756,"",true
2001757,"고지 드라바니아에 자생하는 들풀.",true
2001758,"비룡풀을 푹 끓여낸 역겨운 빛깔의 약액.",true
2001759,"용 치료 기록이 적힌 석판.",true
2001760,"차나할레를 처치한 사실을 증명하는 부리.",true
2001761,"바누바누족이 사누와를 타기 위해 사용하는 고삐.",true
2001762,"보물이 묻혀있는 곳을 기록한 듯한 고지도.<br>[레벨 55 권장]",true
2001763,"보물이 묻혀있는 곳을 기록한 듯한 고지도.<br>[레벨 60 권장]",true
2001764,"보물이 묻혀있는 곳을 기록한 듯한 고지도.<br>[레벨 60 대규모 파티 권장]",true
2001765,"구름마루에 자생하는 괴상한 버섯.",true
2001766,"샌슨이 남긴 쪽지.",true
2001767,"부서진 도시 내 에테라이트의 파편.",true
2001768,"차갑고 맑은 샘물.",true
2001769,"이딜샤이어에서 빌려주는 곡괭이.",true
2001770,"푸른손'에 빼앗겼던 드립윅스의 수첩.",true
2001771,"도구 대여 기록을 남기기 위해 드립윅스가 만든 장부. 적어야 할 항목이 매우 많다.",true
2001772,"드립윅스가 만든 저지 드라바니아 지도. 복잡하기 그지없는 경계선이 그어져 있다.",true
2001773,"비린내가 심한 누에 고기. 도저히 먹지는 못할 것 같다.",true
2001774,"충분히 구운 누에 고기. 신기하게도 먹을 수 있을 것 같다.",true
2001775,"고블린족이 만든 말린 물소고기. 맛있어 보인다.",true
2001776,"고블린족이 준 약차. 복통에 잘 듣는다고 한다.",true
2001777,"오목한 뼈에게 보내는 편지.",true
2001778,"이딜샤이어의 인장이 찍힌 봉투. 종이가 몇 장 들어있다.",true
2001779,"드립윅스가 서명한 서류가 들어있는 봉투.",true
2001780,"모그리족이 좋아하는 나무 열매.",true
2001781,"모그리족이 좋아하는 나무 열매.",true
2001782,"모그리족이 좋아하는 나무 열매.",true
2001783,"마물의 것으로 보이는 검은 깃털.",true
2001784,"뤼딜로나 앞으로 보내는 소개장.",true
2001785,"알데란 앞으로 보내는 소개장.",true
2001786,"코코사무 앞으로 보내는 소개장.",true
2001787,"가임로나 앞으로 보내는 소개장.",true
2001788,"고대 유적에서 발견된 반짝반짝 빛나는 동전.",true
2001789,"이상한 악취를 풍기는 요상한 버섯.",true
2001790,"표현하기 어려운 냄새를 풍기는 기살의 야채.",true
2001791,"드라바니아 지방에서만 자라는 하얀 꽃.",true
2001792,"특수한 결정을 검출한다는 수상한 가루.",true
2001793,"라운드록스가 맡긴 휘석. 신비한 빛을 발한다.",true
2001794,"샬레이안 사람이 남긴 고서의 일부.",true
2001796,"과학자 집단 '푸른손'이 만들어낸 수수께끼의 시험장치.",true
2001797,"새 세상에서 새 나라를 만들 동료를 모집하는 전단. 데데안이 혼신을 기울여 만들었다.",true
2001798,"타타루가 가죽공예가 길드에 가공을 의뢰한 물건.",true
2001799,"타타루가 환술사 길드에 가공을 의뢰한 물건.",true
2001800,"수면 유도향의 대가로 쿄쿄룬에게 지불할 대금.",true
2001801,"지브리옹이 맡긴 양념포도주.",true
2001802,"성도 대축사에 배달할 초코보 사료.",true
2001803,"땔감으로 쓸 수 있을 듯한 폐목재 묶음.",true
2001804,"포르탕 가에서 주최하는 만찬회 초대장.",true
2001805,"투구 외에는 실오라기 하나 걸치지 않은 여신이 그려진 자칭 종교화.",true
2001806,"향유라도 뿌렸는지 장미향이 풍기는 연애편지.",true
2001807,"아유나르트 가 문장이 그려진 깃발. 불에 타서 눌은 자국이 있다.",true
2001808,"에르미앙스가 만든 따끈따끈한 수프.",true
2001809,"도둑 소녀 오졸리의 유품이 든 포대.",true
2001810,"바람속성과 물속성의 힘이 깃든 신비한 보옥.",true
2001811,"불속성과 땅속성의 힘이 깃든 신비한 보옥.",true
2001812,"질 좋은 염소 가슴살.",true
2001813,"교역상인이 키키룬족에게 빼앗긴 상품.",true
2001814,"신기한 모양의 마도 병기 부품.",true
2001815,"조이가 채 옮기지 못한 화물.",true
2001816,"제국군이 보관하고 있던 마도 병기용 부품.",true
2001817,"성도 이슈가르드 출입을 허가하는 제멜 가의 인장.",true
2001818,"바누바누족이 의식에 사용하기 위해 보관하던 고순도 번개 크리스탈.",true
2001819,"레베바가 강연회를 개최할 수 있도록 추천하는 편지.",true
2001820,"비공정 시험비행 계획이 적힌 서류.",true
2001821,"엘레이스가 꾀를 내어 만든, 구멍 난 동전 주머니.",true
2001822,"묵직하고 단단해 고온의 숨결도 견딜 듯한 화산암.",true
2001823,"묵직한 화산암.",true
2001824,"감시탑 재건에 필요한 석재.",true
2001825,"아직 풍화하지 않은 석재.",true
2001826,"풍화하여 곧 바스러질 듯한 석재.",true
2001827,"이단 신앙을 연상시키는 무늬가 들어있는 석재.",true
2001828,"초코보 숲의 유적에서 나온 석재.",true
2001829,"전쟁신 할로네의 창이라는 이름이 붙은 특수한 광석.",true
2001830,"가공되지 않은 양질의 스타 사파이어 원석.",true
2001831,"드라바니아 구름바다에서 채굴된 암석.",true
2001832,"드라바니아 구름바다에서 채취된 흙.",true
2001833,"푸른 빛이 도는 드라바니아 구름바다의 모래.",true
2001834,"먼 옛날 사람이 사용한 것으로 보이는 화살촉.",true
2001835,"먼 옛날 사람이 사용한 것으로 보이는 동전.",true
2001836,"전쟁신 광석과 흡사한 광석.",true
2001837,"바람속성의 힘을 지닌 모래.",true
2001838,"크기와 달리 가벼운 구름바다 경석.",true
2001839,"매우 가벼운 구름바다 거품돌.",true
2001840,"돌칼기둥 벼랑에서 나는 질 좋은 광석.",true
2001841,"돌칼기둥 벼랑에서 나는 광석.",true
2001842,"적당한 투명감이 있는 크리스탈.",true
2001843,"샬레이안의 석조 건축물에 사용된 건축자재.",true
2001844,"샬레이안의 석조 건축물에 사용된 낡은 건축자재.",true
2001845,"풍토병의 특효약으로 쓰이는 질 좋은 홍옥초 뿌리.",true
2001846,"풍토병의 특효약으로 쓰이는 홍옥초 뿌리.",true
2001847,"축제용 관을 만들 때 사용되는 들풀.",true
2001848,"건축자재로 쓰이는 삼나무 원목.",true
2001849,"땔감으로 쓰이는 삼나무 가지.",true
2001850,"위장약 재료로 쓰이는 질 좋은 들풀.",true
2001851,"위장약 재료로 쓰이는 들풀.",true
2001852,"드래곤족이 절대 먹지 않는다는 들풀.",true
2001853,"초코보 숲에 자생하는 나무의 뿌리.",true
2001854,"드라바니아 구름바다에 자생하는 수수께끼의 들풀.",true
2001855,"드라바니아 구름바다에 자생하는 신기한 들풀.",true
2001856,"옛 문헌에 기록된 약초.",true
2001857,"누군가에게 물어뜯긴 흔적이 있는 들풀.",true
2001858,"드라바니아 구름바다에 자생하는 들풀.",true
2001859,"아발라시아 구름바다에 자생하는 특대형 아티초크.",true
2001860,"아발라시아 구름바다에 자생하는 푸른색 꽃.",true
2001861,"마음이 편안해지는 향기가 나는 꽃꿀.",true
2001862,"달착지근한 꽃꿀.",true
2001863,"건축자재로 쓰이는 검은삼나무 원목.",true
2001864,"건축자재로 쓰이는 검은삼나무 가지.",true
2001865,"살리아크의 손가락이라고도 불리는 나무의 뿌리.",true
2001866,"조사 예정지에 자라난 질 좋은 어린나무의 가지.",true
2001867,"조사 예정지에 자라난 어린나무의 가지.",true
2001868,"피로 쓰인 불길한 금서 '요마 전집'의 한 페이지.",true
2001869,"피로 쓰인 불길한 금서 '요마 전집'의 한 페이지.",true
2001870,"고약한 냄새를 내뿜어 깜짝 놀라게 하는 구슬.",true
2001871,"용의 졸개로부터 채취한 단단한 비늘.",true
2001872,"근육이 발달한 가스토르니스 가슴살.",true
2001873,"부드러운 고급 비료.",true
2001874,"빛깔이 선명한 가스토르니스 깃털.",true
2001875,"고지 드라바니아에 피는 향기로운 꽃.",true
2001876,"흔들면 폼폼 소리가 나는 흔한 잡초.",true
2001877,"가열하면 다량의 물을 생성하는 신기한 결정.",true
2001878,"세렌디피티가 아유나르트 가에 보내는 소개장.",true
2001879,"습격자가 남긴 편지.",true
2001880,"이슈가르드 상인 길드에 상납할 돈이 든 가죽주머니.",true
2001882,"공 모양으로 생긴 새 시스템 유닛.",true
2001883,"전쟁신 할로네를 상징하는 큼지막한 푸른색 사파이어.",true
2001884,"거물 사누와 와우케온의 비늘.",true
2001885,"튼튼하고 탄력 있는 야생 초코보 깃털.",true
2001886,"풍맥의 샘을 찾기 위해 사용하는 나침반.",true
2001887,"시리우스 대등대의 열쇠.",true
2001888,"코볼드군의 문을 열기 위한 열쇠.",true
2001889,"갓 잡아 올린 신선한 대구.",true
2001890,"버그의 파편. 수수께끼의 금속으로 만들어졌다.",true
2001891,"떠돌이 기술자가 버그 대처법을 적어준 쪽지.",true
2001895,"해적들이 불꽃축제에 몰래 반입한 밀주.",true
2001896,"수호천절 행사에서 나눠주는 살짝 신기한 쿠키.",true
2001897,"마력이 담긴 마법의 빗자루. 슥삭슥삭.",true
2001898,"마법의 빗자루를 태운 재.",true
2001899,"알피노가 그린 산크레드의 초상화. 제법 비슷하게 잘 그렸다.",true
2001900,"선원들이 쓰는 낡은 칼. 디아만다라는 이름이 새겨져 있다.",true
2001901,"리누바리와 기누바누의 '우정의 증표'가 새겨진 마물의 뼈.",true
2001902,"사누와를 불러내는 낡고 작은 뿔피리.",true
2001903,"아발라시아 구름바다에서 나는 질 좋은 암염. 바누바누 요리의 맛을 좌우한다.",true
2001904,"아발라시아 구름바다의 하늘섬에 자생하는 들풀.",true
2001905,"조리법을 알 수 없는 탱글탱글한 풀경단.",true
2001906,"바짝 말라서 잘 탈 것 같은 장작.",true
2001907,"식량이 들어있는 것으로 보이는 분두족의 항아리.",true
2001908,"강한 물속성의 힘을 띤 크리스탈. 물이 솟아나고 있다.",true
2001909,"부드러운 와무라 유충 고기.",true
2001910,"준두족이 마물의 뼈로 만든 빗.",true
2001911,"푹신푹신하고 부드러운 흙.",true
2001912,"새들이 즐겨 먹을 듯한 꿈틀대는 벌레.",true
2001913,"힘줄이 많은 차나할레 고기.",true
2001914,"전쟁강철로 만든 튼튼한 못.",true
2001915,"건축자재로 쓰이는 질 좋고 단단한 돌.",true
2001916,"길고 튼튼한 달멜의 넙다리뼈.",true
2001917,"분두족의 칠감이 가득 든 항아리.",true
2001918,"묵직한 와무라 고치. 안에서 바스락대는 소리가 난다.",true
2001919,"말린 넝쿨 냄새에 취한, 길 잃은 게일리캣.",true
2001920,"동글동글하고 반질반질한 코리건.",true
2001921,"색이 화려하고 부드러운 가스토르니스 깃털.",true
2001922,"조리법을 알 수 없는 향긋하고 탱글탱글한 풀경단.",true
2001923,"갓 잡아서 기운이 펄펄 넘치는 파이싸.",true
2001926,"부드러운 바람 기운을 띤 크리스탈.",true
2001927,"아름다운 눈물풀의 꽃.",true
2001928,"은은하게 빛나는 돌조각. 이로하의 기억과 관련이 있을지도 모른다.",true
2001929,"은은하게 빛나는 돌조각. 이로하의 기억과 관련이 있을지도 모른다.",true
2001930,"은은하게 빛나는 돌조각. 이로하의 기억과 관련이 있을지도 모른다.",true
2001931,"괴조 안즈의 커다란 알.",true
2001932,"기병을 깨우기 위한 전통적인 종과 악보.",true
2001933,"별빛축제용으로 꾸민 특별한 종과 편곡된 악보.",true
2001934,"적당한 크기로 잘라서 말린 구름바다넝쿨.",true
2001935,"바누바누천으로 만든 커다란 주머니.",true
2001936,"프린세스데이를 기념하는 과자. 세 가희 공연 전단 포함.",true
2001937,"길고 유연한 달멜의 정강이뼈.",true
2001938,"점을 칠 때 쓰는 카드. 생일과 이름 등이 적혀있다.",true
2001939,"오르트팡스가 잊어버리고 간 발렌티온데이 카드.",true
2001940,"갓 찧어낸 쫄깃쫄깃한 강신떡.",true
2001941,"태우면 연기가 많이 나는 마른 풀.",true
2001942,"맹렬히 타오르는 화염신 이프리트의 불꽃.",true
2001943,"거세게 몰아치는 바람신 가루다의 바람.",true
2001944,"지독하게 무거운 바위신 타이탄의 황토.",true
2001945,"루키아가 힐다에게 쓴 편지.",true
2001946,"라운드록스에게 받은 에니그마 코덱스의 낱장.",true
2001947,"히기리가 만든 동방의 전통식 연고.",true
2001948,"위스퍼가 준 요괴워치. 고장 나서 작동하지 않는 것 같다.",true
2001949,"연하고 탄력 있는 멜리아 가지.",true
2001950,"잘 탈 것 같은 건조된 장작.",true
2001951,"연하고 탄력 있는 멜리아 가지.",true
2001952,"고지 드라바니아에 자생하는 다년초.",true
2001953,"바짝 말려 잘게 썬 연기풀 잎사귀. 태우면 향기로운 연기를 즐길 수 있는 기호품.",true
2001954,"걸쭉한 반죽이 가득 든 항아리.",true
2001955,"촉촉하고 폭신폭신한 흑토.",true
2001956,"쇠락한 아발로니아에서 나는 붉은색 모래.",true
2001957,"시들어 바짝 마른 통나무.",true
2001958,"독특한 향기가 나는 향초.",true
2001959,"다 익어 땅에 떨어진 칠천수 열매.",true
2001960,"향이 풍부하고 진한 칠천수 과실주.",true
2001961,"질겨서 이용 가치가 낮은 초코보 힘줄.",true
2001962,"뻣뻣한 갈기가 달린 밴더스내치 털가죽.",true
2001963,"그나스족의 발톱과 모양이 닮은 새우.",true
2001964,"물컹물컹한 낭카 알.",true
2001965,"고지 드라바니아에 자생하는 향초.",true
2001966,"고지 드라바니아에 자생하는 향초.",true
2001967,"고지 드라바니아산 향초 10종을 모아 담은 세트.",true
2001968,"움 알라에게 보내는 수수께끼의 꾸러미.",true
2001969,"고대 알라그 제국 문명의 기록 매체로 추정되는 돌. 마신 세피로트에 관해 기록되어 있는 듯하다.",true
2001970,"실프족이 만든 마법의 가루. 거대 알에 뿌리면 껍데기 조각을 얻을 수 있다.",true
2001971,"거대 알에서 떨어져 나온 껍데기 조각.",true
2001972,"알 사냥 축제를 위해 준비된 장식용 달걀.",true
2001973,"봄바드를 잡을 때 쓰는 내열 포획망.",true
2001974,"내열망으로 포획한 봄바드.",true
2001975,"녹슨 팔보호대에 걸려 있던 에이비어의 반지.",true
2001976,"요괴들의 비밀이 가득 담긴 대사전.",true
2001977,"전송 마법문양의 위치를 기록한 듯한 고지도.<br>[레벨 60 대규모 파티 권장 / 아이템 레벨 조율: 180]",true
2001978,"신전기사단이 복원단에 보낸 자재.",true
2001979,"타레송이 앙델루에게 쓴 편지.",true
2001980,"이단자로부터 압수한 성녀 시바와 성룡 흐레스벨그의 조각상.",true
2001981,"글자 비슷한 것이 새겨진 파편.",true
2001982,"모그리족 새내기 장인을 위한 훈련용 부재와 도구가 담긴 꾸러미.",true
2001983,"모그리가 발견한 지저분한 폐자재.",true
2001984,"모그리가 채집한 잡다한 재료.",true
2001985,"상크친니의 여리여리한 덩굴.",true
2001986,"잡석 더미에서 찾아낸 낡은 폐자재.",true
2001987,"새내기 모그리가 완성한 섬세한 바닥재.",true
2001988,"",true
2001989,"샘물 수질을 유지하기 위한 보수재의 재료.",true
2001990,"모그리가 직접 만든 버섯과 구름채소 요리.",true
2001991,"하늘섬의 쿠빠 나무에서 찾은 크리스탈. 제작에 쓰기 적합한 품질이다.",true
2001992,"의뢰받은 조각상 견본의 재료.",true
2001993,"울란이 필요한 물건을 적은 쪽지.",true
2001994,"인조 정령의 상태를 확인할 수 있는 특수한 확대경.",true
2001995,"오래 묵어 단단해진 와이번의 비늘.",true
2001996,"모그리가 낚은 정체 모를 구름고기.",true
2001997,"모그리족이 모아온 대량의 철새 둥지.",true
2001998,"모그리족이 모아온 대량의 워제트 가시.",true
2001999,"모그리족이 모아온 대량의 크리스탈.",true
2002000,"모그리족에게 좋은 영양소가 듬뿍 담긴 요리. 이슈가르드식으로 맛을 내었다.",true
2002001,"보물고 문을 열기 위한 열쇠.",true
2002003,"호박 쿠키.",true
2002004,"잭 오 랜턴의 불씨.",true
2002005,"눈썰미의 연막탄.",true
2002006,"바람신 가루다의 마력이 담긴 보주.",true
2002007,"바람신 가루다의 마력이 담긴 보주.",true
2002008,"이크살풍 열쇠",true
2002009,"고대 알라그 제국 문명의 기록 매체로 추정되는 돌. 여신 소피아에 관해 기록되어 있는 듯하다.",true
2002010,"기호와 숫자, 책 제목이 나열되어 있는 책.",true
2002011,"청춘기사단의 제식갑주. 노인도 입고 움직일 수 있도록 가볍게 만들어졌다.",true
2002012,"바위신 타이탄을 소환하기 위한 크리스탈.",true
2002013,"청춘기사단의 제식갑주. 은은하게 쉰 냄새가 난다.",true
2002014,"아이들에게 주어지는 별빛축제 선물.",true
2002015,"침대 밑에 숨겨져 있던, 로베르 앞으로 된 편지.",true
2002016,"누군가가 놓고 간 듯한 선물.",true
2002017,"로베르의 아버지가 아들에게 보낸 선물.",true
2002018,"전투에 관한 모험가의 기억이 기록된 책.",true
2002019,"프론데일 약학원에서 열릴 별빛축제용 물건.",true
2002020,"앤젤릿이 준 수상한 천.",true
2002021,"전투에 관한 모험가의 기억이 서려 있는 듯한 그림자천.",true
2002022,"활성화 클러스터에서 추출하여 증류한 액화 에테르.",true
2002023,"쿠로 알리아포의 공상 수첩. 이야기 소재를 적어서 가져가면 상을 받을 수 있다.",true
2002024,"전투에 관한 모험가의 기억이 기록된 책.",true
2002025,"전투에 관한 모험가의 기억이 기록된 책.",true
2002026,"블람프레가 만든 고급 증류주.",true
2002027,"야슈톨라가 맡긴 오래된 희귀본.",true
2002028,"고대 알라그 문명이 만들어낸 대 야만신 병기의 잔해",true
2002029,"인조 정령의 상태를 확인할 수 있는 특수한 확대경.",true
2002030,"옛 암다포르 시가지의 마법수정 회랑에서 발견된 보옥.",true
2002031,"구브라 환상도서관 희귀서고에 보관되어 있던 샬레이안의 고대 마법인형.",true
2002032,"영봉 솜 알에 흐르는 마력이 담긴 용암.",true
2002033,"고대 알라그 제국 문명의 기록 매체로 추정되는 돌. 귀신 주르반에 관해 기록되어 있는 듯하다.",true
2002034,"미끌미끌하고 끈적끈적한 도롱뇽 기름.",true
2002035,"번개속성을 내뿜으며 주변 환경에 영향을 주는 작은 결정.",true
2002036,"불속성을 내뿜으며 주변 환경에 영향을 주는 작은 결정.",true
2002037,"땅속성을 내뿜으며 주변 환경에 영향을 주는 작은 결정.",true
2002038,"얼음속성을 내뿜으며 주변 환경에 영향을 주는 작은 결정.",true
2002039,"물속성을 내뿜으며 주변 환경에 영향을 주는 작은 결정.",true
2002040,"바람속성을 내뿜으며 주변 환경에 영향을 주는 작은 결정.",true
2002041,"번개속성이 과다한 결정.",true
2002042,"불속성이 과다한 결정.",true
2002043,"땅속성이 과다한 결정.",true
2002044,"얼음속성이 과다한 결정.",true
2002045,"물속성이 과다한 결정.",true
2002046,"바람속성이 과다한 크리스탈.",true
2002047,"눅진눅진하고 찐득찐득한 맨더빌 가 특제 도룡뇽 기름.",true
2002048,"제국군의 인증 열쇠.",true
2002049,"제국군의 인증 열쇠.",true
2002050,"제국군의 인증 열쇠.",true
2002051,"",true
2002052,"봉황을 불러내는 마술피리.",true
2002053,"종군상인이 준 약. 약효가 꽤 센 모양이다.",true
2002054,"다른 사람을 놀라게 한 증표로 받은 장식용 달걀.",true
2002055,"다른 사람을 놀라게 한 증표로 받은 장식용 달걀.",true
2002056,"고드베르트가 준 맨더빌 도장이 찍힌 우대권",true
2002057,"신원 보증서가 첨부된 아달베르타의 편지.",true
2002058,"로웨나 상회가 준비한 최기연용 자재.",true
2002059,"구름바다에 서식하는 요괴꽃의 꽃가루. 독특한 향기가 난다.",true
2002060,"홍수 지렁이의 간. 독특한 냄새가 난다.",true
2002061,"특정 생물에게 약화 효과를 발휘한다는 시약.",true
2002062,"디아뎀 제도에 서식하는 생물의 골격 표본.",true
2002064,"디아뎀 제도에 서식하는 생물의 체내 기관 표본.",true
2002065,"동방 복장의 여자가 벼린 호신용 칼.",true
2002066,"세카를 위하여 만든 새로운 주 도구와 보조 도구.",true
2002067,"묘지 앞에 놓기 위한 앙증맞은 소국.",true
2002068,"최면약을 바른 침과 바람총.",true
2002069,"",true
2002070,"닌자 마을에 전해지는 비장의 가루약. 들이마신 사람은 일시적으로 기억이 혼미해진다.",true
2002071,"의뢰인이 소재로 제공해 준 녹슨 고철 덩어리.",true
2002072,"도마 사람을 감시하던 십인대장.",true
2002073,"도마 사람을 감시하던 제국 병사.",true
2002074,"회전하면서 소리를 내는 오케스트리온 부품.",true
2002075,"왕관보석 공방에서 제작한 탁상용 오케스트리온이 든 선물 상자.",true
2002076,"들은 내용을 기록하기 위한 낡은 수첩.",true
2002077,"랄거의 손길에 자생하는 향초.",true
2002078,"핏자국이 달라붙은 두건.",true
2002079,"고토석회가 가득 담긴 무거운 자루.",true
2002080,"기라바니아 특산품인 맑은 증류주.",true
2002081,"안쪽에 부품이 들어가는 오케스트리온 외형.",true
2002082,"보석을 박은 오케스트리온 장식 부품.",true
2002083,"주머니에 담긴 토양 견본.",true
2002084,"병에 담긴 수질 견본.",true
2002085,"지방이 적고 건강에 좋은 사르코수쿠스 고기.",true
2002086,"극동의 혼합림에 자생하는 버섯.",true
2002087,"땅 정령을 처치하고 얻은 핵. 지반을 안정화하는 데 사용된다.",true
2002088,"대포를 정비하는 데에 사용되는 기름.",true
2002089,"바다의 축복이라고 불리는 단단한 돌.",true
2002090,"김 빠진 맥주.",true
2002091,"개미귀신이 좋아하는 개미를 갈아 만든 분말.",true
2002092,"대형 개미귀신의 분비액. 소독약 재료로 쓰인다.",true
2002093,"썩기 시작해서 먹지 못하는 생선.",true
2002094,"흠집 하나 없는 투구게의 커다란 투구.",true
2002095,"어스름 제등에 반응해서 빛나는 신기한 돌.",true
2002096,"코우진족이 신성하게 여기는 비취 곡옥.",true
2002097,"아기 레서판다.",true
2002098,"뻘겋게 달아오른 지옥뚜껑의 용암이 들어 있는 항아리.",true
2002099,"알피노가 그린 유우기리와 고우세츠의 초상화. 제법 비슷하게 잘 그렸다.",true
2002100,"색깔이 선명해서 아름다운 홍산호.",true
2002101,"할복한 무사의 단도.",true
2002102,"바위 표면에 달라붙은 붉은색 해조.",true
2002103,"먹으면 힘이 솟아오른다고 하는 버섯.",true
2002104,"피가 뚝뚝 떨어지는 신선한 개고기.",true
2002105,"철새가 모아 놓은, 반짝이는 잡동사니.",true
2002106,"방울값 대신으로 건넬 건어물.",true
2002107,"미완성이라 소리가 나지 않는 방울.",true
2002108,"방울에 넣기 위한 단단한 돌멩이.",true
2002109,"메프리드가 쥐고 있던 나무 조각 부적.",true
2002110,"외상에 효과가 있는 응급 처치용 연금약.",true
2002111,"만두에 쓸 긴털들소 고기.",true
2002112,"오로니르족이 만든 등유.",true
2002113,"클랜 센추리오가 발행한, 토벌할 마물에 대한 정보와 보수가 적힌 수배서.",true
2002114,"클랜 센추리오가 발행한, 토벌할 마물에 대한 정보와 보수가 적힌 수배서.",true
2002115,"클랜 센추리오가 발행한, 토벌할 마물에 대한 정보와 보수가 적힌 수배서.",true
2002116,"클랜 센추리오가 발행한, 토벌할 정예 마물에 대한 정보와 보수가 적힌 수배서.",true
2002117,"봉납하기 위한 몰족의 검.",true
2002118,"봉납하기 위한 공물.",true
2002119,"봉납하기 위한 정화수.",true
2002120,"랄거의 부적을 만들기 위한 나무 조각.",true
2002121,"랄거의 부적을 만들기 위한 결이 고운 나무 조각.",true
2002122,"고름을 멎게 하는 하늘기둥나무의 수액.",true
2002123,"잘 마른 나무 껍질.",true
2002124,"물기를 머금은 나무 껍질.",true
2002125,"오사드 소나무 원목.",true
2002126,"결이 촘촘한 질 좋은 오사드 소나무 원목.",true
2002127,"적당한 크기로 자른 붉은 갯산호 조각.",true
2002128,"모양이 기묘한 비틀린 바다조름.",true
2002129,"단단하고 쭉 뻗은 대나무.",true
2002130,"연하고 쭉 뻗은 대나무.",true
2002131,"고급 가구용 얀샤 소나무 원목.",true
2002132,"시료용 방울초.",true
2002133,"길게 자란 방울초.",true
2002134,"단골 거래처에 납품할 아짐 소나무 원목.",true
2002135,"양이 먹으면 꼴까닥하고 죽어버린다고 하는 위험한 풀.",true
2002136,"이름도 모르는 연한 나뭇잎.",true
2002137,"향기로운 이름 모를 나뭇잎.",true
2002138,"꽃차로 만들기 위한 꽃잎.",true
2002139,"꽃차로 만들기 위한 질 좋은 꽃잎.",true
2002140,"죽은 자를 배웅하는 부리쐐기풀의 꽃.",true
2002141,"기라바니아에 자생하는 야생 품종의 씨앗.",true
2002142,"기라바니아에 자생하는 튼튼한 야생 품종의 씨앗.",true
2002143,"마도 병기 잔해에서 채취한 합금 장갑 파편.",true
2002144,"마도 병기 잔해에서 채취한 초경도 합금 장갑 파편.",true
2002145,"건축자재에 섞여 있던 고대 조개의 화석.",true
2002146,"강의 물살에 침식된 바위.",true
2002147,"강의 물살에도 침식되지 않은 바위.",true
2002148,"홍옥해의 바위터에서 채취한 광석 표본.",true
2002149,"홍옥해의 바위터에서 채취한 질 좋은 광석 표본.",true
2002150,"가루로 만들면 염료의 재료가 되는 녹색 돌.",true
2002151,"적당한 크기로 떼어낸 뿔빗석산호.",true
2002152,"일반적인 강도의 흰 돌.",true
2002153,"강도가 뛰어난 흰 돌.",true
2002154,"고속 마도구축함 L‐XXIII에서 채취한 장갑 파편.",true
2002155,"제국군에 공격받아 강도가 낮아진 용린교의 석재.",true
2002156,"강도가 충분한 용린교의 석재.",true
2002157,"색이 짙은 염주용 돌멩이.",true
2002158,"아짐 대초원에서 나는 휘석.",true
2002159,"나아마 사막의 부드러운 사암.",true
2002160,"나아마 사막의 단단한 사암.",true
2002161,"빛나지 않는 더러운 자갈돌.",true
2002162,"번개속성 결정이 아주 조금 함유된 자갈돌.",true
2002163,"잔해에서 파낸 건축자재용 벽돌.",true
2002164,"채굴할 가치가 없는 흔한 광석.",true
2002165,"채굴할 가치가 있는 쓸 만한 광석.",true
2002166,"교잡을 시험하던 밭에서 찾아낸, 아주 작은 흰 돌처럼 생긴 물체.",true
2002167,"고사의 원인을 파악하는 데 사용하는 시약을 발주하기 위한 쪽지.",true
2002168,"고사의 원인을 파악하는 데 사용하는 검사용 시약.",true
2002173,"수면침을 맞고 잠든 어린 양.",true
2002174,"울다하 무역상관으로 보내는 시드가 쓴 편지.",true
2002175,"마도 장치 조작법 설명을 적은 편지.",true
2002176,"조잡하게 만든 수제 폭탄.",true
2002177,"마도 병기의 장갑판에서 떨어져 나온 조각.",true
2002178,"칼집에 들어 있어 손상이 적은 칼.",true
2002179,"날벌레를 쫓아내기 위한 수제 연막탄.",true
2002180,"대선어가 들어 있는 통발.",true
2002181,"시룬에게 보내는 사례가 들어 있는 꾸러미.",true
2002182,"암살자가 떨어뜨린 화물 열쇠.",true
2002183,"친구에게 보내는 글이 적힌 양피지.",true
2002184,"큰 소리가 나는 수제 폭죽.",true
2002185,"흠집투성이 벨로디나 회색곰 생가죽.",true
2002186,"마도 병기의 장갑판에서 떨어져 나온 조각.",true
2002187,"마도 병기의 장갑판에서 떨어져 나온 조각.",true
2002188,"라우반이 준 무거운 꾸러미.",true
2002189,"마법도시 마하의 연금약에 대하여 기록된 석판.",true
2002190,"고대도시 암다포르의 전승에 대하여 기록된 석판.",true
2002191,"적마도사의 초기 역사에 대하여 기록된 석판.",true
2002192,"대형 요결석에서 채취한 심핵. 반쯤 결정화된 에테르가 함유되어 있다.",true
2002194,"이슈가르드에서 이단죄로 처형된 엽기 살인마의 수기.",true
2002195,"구루미 보루루미가 개최하는 선상 연회의 초대장.",true
2002196,"살찐 족제비의 힘줄이 붙어 있는 고깃덩어리.",true
2002197,"족제비 떡심이 든 주머니.",true
2002198,"끔찍한 시체가 쥐고 있던 수첩에 끼워져 있던 풍경화.",true
2002199,"사냥감을 유인하기 위한 가축의 내장.",true
2002200,"나마즈오의 커다란 방울.",true
2002201,"양젖을 담기 위한 낡은 깡통.",true
2002202,"양젖이 가득 담긴 깡통.",true
2002203,"풀에서 나온 섬유질이 섞여 있으며 구수한 냄새가 나는 갈색 덩어리.",true
2002204,"약재가 될 것 같은 영험한 나무의 뿌리.",true
2002205,"요결석에서 채취한 영혼석.",true
2002206,"겐스이 산에 서식하는 얀샤 호랑이의 고기.",true
2002207,"칼처럼 가늘고 긴 수초.",true
2002208,"",true
2002209,"보물이 묻혀 있는 곳을 기록한 듯한 고지도.<br>[레벨 70 권장]",true
2002210,"보물이 묻혀있는 곳을 기록한 듯한 고지도.<br>[레벨 70 대규모 파티 권장]",true
2002211,"크리스탈이 박힌, 아난타족 양식 장신구.",true
2002212,"귀신물범의 신선한 간.",true
2002213,"안에 참새가 있는 작은 새장.",true
2002214,"수지를 채집하기 위한 항아리.",true
2002215,"수지가 가득 든 항아리.",true
2002216,"기라바니아 특산물인 투명한 증류주.",true
2002217,"보급 물자가 든 무거운 나무상자.",true
2002218,"소박한 알라미고풍 목걸이.",true
2002219,"종군상인이 빼앗긴 짐.",true
2002220,"무드수드의 구불구불한 큰뿔.",true
2002221,"무드수드의 큰뿔을 달인 약차.",true
2002222,"지금은 목숨을 잃고 만 이끼이끼의 말로.",true
2002223,"해적 형제단이 나포한 선박에 걸려 있던 붉은 깃발.",true
2002224,"해적 형제단이 나포한 배의 화물을 기록한 목록.",true
2002225,"해적 형제단 회계 담당인 츠키카게가 키키모에게 보내는 편지.",true
2002226,"날상어 지느러미. 말리면 고급 식재료가 된다.",true
2002227,"",true
2002228,"",true
2002229,"야생 짐승에게서 채취한 끈적끈적한 짐승기름.",true
2002230,"야생 짐승에게서 채취한 끈적끈적한 짐승기름.",true
2002231,"케스티르족의 인장이 찍힌 양피지.",true
2002232,"보물고의 고장난 열쇠 구멍에서 발견된 짜부라진 총탄.",true
2002233,"습격해 온 짐승이 걸고 있던 가죽 목걸이.",true
2002234,"메씨족이 사냥용 화살촉을 만들기 위하여 사용하는 예리한 돌조각.",true
2002235,"칼리아나파에게 빼앗긴 장신구.",true
2002237,"울다하 왕실배 투기대회 초대장.",true
2002238,"피가 들러붙은 부적.",true
2002239,"미끌미끌한 물뱀의 간.",true
2002240,"위처드가 숙부 군도발드에게 보내는 편지.",true
2002241,"강렬한 악취가 나는 질척질척한 정체불명의 액체.",true
2002242,"계단식 논의 경계면을 보완하기 위한 돌.",true
2002243,"어렴풋이 빛이 나는 기묘한 제등.",true
2002244,"낡은 쇠덫.",true
2002245,"어부가 사용하는 낚시 도구가 든 작은 상자.",true
2002246,"센테이가 베어낸 장작.",true
2002247,"덫에 걸려 있던 싱싱한 민물고기.",true
2002248,"다발로 묶은 얀샤쑥.",true
2002249,"무이강에서 채취한 수초.",true
2002250,"작지만 튼튼한 묘목.",true
2002251,"숯을 구울 때 부산물로 나오는 목초액",true
2002252,"다갈색의 탁한 흙탕물.",true
2002253,"강 밑에 가라앉아 있던 흙투성이 동전 주머니.",true
2002254,"사부 나마즈오가 숨겨놓았던 방울.",true
2002255,"신선한 약초가 든 주머니.",true
2002256,"목축용 도구가 든 상자.",true
2002257,"씨앗이 든 항아리.",true
2002258,"바르스의 특히 커다란 엄니.",true
2002259,"남은 고기가 든 주머니.",true
2002261,"테오발드에게 보내는, 삐뚤빼뚤한 글씨로 갈겨쓴 도전장.",true
2002262,"알베리크가 조사한 단서가 적힌 쪽지.",true
2002263,"압수품 매입과 주문 추가에 따른 추가금에 대해 적힌 계약서.",true
2002264,"신선한 날상어의 간.",true
2002265,"가지고만 있어도 힘이 솟아오른다고 하는 작은 돌.",true
2002266,"금빛으로 빛나는 위석.",true
2002267,"그리핀의 새하얀 깃털.",true
2002268,"놀랍도록 아름다운 산호.",true
2002269,"붉은등에게 약탈당한 보물.",true
2002270,"빼앗긴 벼 모종.",true
2002271,"무이강 붉은뿔부리가 낳은 알.",true
2002272,"새로 출토된 고대 알라그 문명 책.",true
2002273,"람브루스가 로웨나에게 쓴 편지.",true
2002274,"제국력 42년식 수류탄.",true
2002275,"엷은 빛을 띠는 물 정령의 심핵.",true
2002276,"산적에게 빼앗긴 돈자루.",true
2002277,"광석이 든 무거운 나무상자.",true
2002278,"찹쌀을 발효시켜서 만든 동쪽 나라의 전통주.",true
2002279,"커다란 종을 그린 그림.",true
2002280,"웅장하고 화려한 문을 그린 그림.",true
2002281,"흔하게 볼 수 있는 포대.",true
2002282,"머리에 자루를 뒤집어 씌웠더니 얌전해진 큰바다뱀.",true
2002283,"뱃멀미에 잘 듣는 환약.",true
2002284,"건조된 짐승 뼈. 어떤 짐승인지는 모르겠다.",true
2002285,"제국력 42년식 수류탄.",true
2002286,"날벌레를 쫓아내기 위한 연금약을 넣은 연막탄.",true
2002287,"대량의 연기를 발생시켜 적의 시야를 빼앗는 연막탄.",true
2002288,"썩기 시작해서 끈적한 점액이 나오는 생선.",true
2002289,"살이 꽉 찬 산호게의 다리.",true
2002290,"바다 밑에 묻혀 있던 표류물. 잡동사니로밖에 보이지 않는다.",true
2002291,"카콜족에게서 받은 식재료. 오늘 아침에 갓 짜낸 말젖이 들어 있는 것 같다.",true
2002292,"다즈카르족에게서 받은 식재료. 사냥꾼이 잡은 짐승 고기가 들어 있는 것 같다.",true
2002293,"이사리 마을의 우토에게서 받은 식재료. 말린 생선이 들어 있는 것 같다.",true
2002294,"천막의 중심 기둥이 되는 목재.",true
2002295,"매머드의 뻣뻣한 생가죽.",true
2002296,"지면에 떨어져 있던 마른 나뭇잎.",true
2002297,"오로니르족이 의식에 사용하는 젖술.",true
2002298,"알 수 없는 액체가 든 오로니르족 가죽주머니.",true
2002299,"딱정벌레의 딱딱한 껍데기를 무르게 만드는 전통적인 비약.",true
2002300,"모오 쇼보오 둥지에서 입수한 알.",true
2002301,"무지개 도랑에서 채취한 결정.",true
2002302,"무지개 도랑에서 채취한 샘물.",true
2002303,"새카만 먹물.",true
2002304,"겐스이 산의 물과 쌀로 만든 술.",true
2002305,"꼭두각시 병사의 장갑을 무르게 하는 산성 비약.",true
2002306,"비단을 팔기 위해 포목점에서 만든 전단지.",true
2002307,"짐승 냄새가 나는 무드수드 짐승기름.",true
2002308,"강물로 식힌 과일이 든 가죽주머니.",true
2002309,"뿌리째 뽑아낸 파릇파릇한 벗풀.",true
2002310,"무엇이 들어 있는지 모르는 제국의 물자함.",true
2002311,"고기와 야채 같은 식재료가 든 꾸러미.",true
2002312,"오래 써서 낡은, 석공의 망치.",true
2002313,"호수 밑에 잠겨 있던 제국군 물자함.",true
2002314,"잘 휘어지는 아바돈 힘줄.",true
2002315,"탈라시나를 포획하기 위한 튼튼한 포대.",true
2002316,"탈라시나가 든 포대.",true
2002317,"해적 형제단이 만든 특제 마비 가루.",true
2002318,"약초를 증류해서 만든 갈색 액체.",true
2002319,"면으로 만든 부드러운 손수건.",true
2002320,"붉은뿔부리의 탱탱한 가슴살.",true
2002321,"강렬한 악취를 풍기는 커다란 꽃.",true
2002322,"마타마타의 거대한 등딱지.",true
2002323,"마타마타의 거대한 발톱.",true
2002324,"텔레오케라스를 푹 덮을 정도로 커다란 포대.",true
2002325,"텔레오케라스를 욱여넣은 포대.",true
2002326,"해방군과의 협의 회의에 관한 안내장.",true
2002327,"교링이 강바닥에 떨어뜨린 낚싯대.",true
2002328,"물뱀의 하얀 고기.",true
2002329,"바우트가 가족에게 받은 반지.",true
2002330,"에라트가 베레타에게 남긴 편지.",true
2002331,"에라트가 어머니에게 전하기 위해 자얄라니에게 맡긴 선물.",true
2002332,"쿠레나이가 채취한 질 좋은 해조 다발.",true
2002333,"오랜 세월에 걸쳐 마력을 축적한 커다란 고둥의 껍데기.",true
2002334,"알라미고의 수호신인 파괴신 랄거의 문장이 그려진 부적.",true
2002335,"바람 정령 아닐라의 심핵.",true
2002336,"주머니에 담긴 토양 견본.",true
2002337,"병에 담긴 수질 견본.",true
2002338,"숙련된 장인이 삼일 밤낮으로 만든 초롱이 든 나무상자.",true
2002339,"이가 시리게 차가운 우물물.",true
2002340,"연한 큰실말.",true
2002341,"유출된 물자함. 묵직하다.",true
2002342,"진통제인 듯한 유백색 연고.",true
2002343,"형언할 수 없는 냄새가 나는 생강 찜질약.",true
2002344,"색깔이 선명한 꽃이 피는 락슈미 붓꽃.",true
2002345,"오래 사용한 숙련 장인용 수리 도구.",true
2002346,"곡도처럼 굽은 가젤의 큰뿔.",true
2002347,"단단한 큰메뚜기 다리.",true
2002348,"모르포의 날개에서 채취한 비늘가루.",true
2002349,"모르포를 유인하기 위한 꽃꿀 시럽.",true
2002350,"가져다 달라고 부탁받은 물건.",true
2002351,"카토블레파스를 유인하기 위한 미끼.",true
2002352,"카토블레파스를 약화시키기 위한 마비 가루.",true
2002353,"마력 발생 기관이라고 하는 카토블레파스의 마안.",true
2002354,"잠멜의 뻣뻣한 생가죽.",true
2002355,"마비약을 바른 침과 바람총.",true
2002356,"마비되어 움직일 수 없게 된 포퍼.",true
2002357,"갓 잡은 순종 그리핀의 고기.",true
2002358,"파괴신 랄거의 이름을 딴 노란 꽃.",true
2002359,"불멸대 상사 카카라이의 애끓는 마음이 적힌 편지.",true
2002360,"아살라의 애타는 마음이 담긴 꽃.",true
2002361,"아름다운 꿩의 깃털.",true
2002362,"묵직한 매머드 고기.",true
2002363,"젤메가 에수겐을 격려하기 위하여 쓴 편지.",true
2002364,"조금 딱딱한 아짐 대초원의 전통 과자.",true
2002365,"육식조가 좋아하는 양의 뼈.",true
2002366,"탄력 있는 필방조의 가슴살.",true
2002367,"회수하라는 지시를 받은 작은 보따리.",true
2002368,"제국군이 물자를 수납할 때 사용하는 상자.",true
2002369,"쑥국화를 달인 즙. 키키룬족이 싫어하는 냄새가 난다.",true
2002370,"긴털들소를 잡기 위한 굵고 튼튼한 밧줄.",true
2002371,"화살촉이 가득 든 가죽주머니.",true
2002372,"바르스의 잘 발달된 다릿살.",true
2002373,"바르스의 잘 발달된 다릿살. 양이 많아 무겁다.",true
2002374,"작은 물고기를 본따서 나무로 만든 모조 미끼.",true
2002375,"나무 조각 미끼가 달린, 나요시가 애용하는 낚싯대.",true
2002376,"나요시가 낚은 마물. 왠지 미끌미끌하다.",true
2002377,"가시봄에게서 채취한 미끌미끌한 기름.",true
2002378,"해적 형제단이 잔치 때 사용하는, 큰 소리가 나는 폭죽.",true
2002379,"적성조 무사에게 보내는 엄청나게 두꺼운 연애편지.",true
2002380,"갓 짜낸 신선한 양젖.",true
2002381,"표지가 검은 두루마리.",true
2002382,"도마 족제비의 커다랗고 예리한 발톱.",true
2002383,"마음과 주머니를 채워주는 '작은 성의'.",true
2002384,"윌레드가 애용하던 폭이 좁은 한손검.",true
2002385,"다타크족 양에게서 짜낸 신선한 양젖.",true
2002387,"귀신물범 사체에 꽂혀 있던 아직 쓸 만한 화살.",true
2002388,"귀신물범의 기름진 꼬리고기.",true
2002389,"쌀로 만든 동방 요리가 든, 단내 나는 꾸러미.",true
2002391,"칼날처럼 생긴 차플리의 예리한 뿔.",true
2002392,"기라바니아 뿔부리의 칼처럼 생긴 발톱.",true
2002393,"돌 같은 물건이 들어 있는 묵직한 자루.",true
